id_devolucao;id_venda;data_devolucao;quantidade_devolvida;motivo
1;201;2023-01-03;2;Desistência
2;460;2023-01-03;1;Desistência
3;477;2023-01-03;1;Troca por outro produto
4;417;2023-01-04;1;Produto com defeito
5;211;2023-01-05;1;Produto vencido/avariado
6;431;2023-01-05;4;Desistência
7;204;2023-01-07;1;Desistência
8;287;2023-01-07;1;Avaria no transporte
9;1108;2023-01-07;2;Produto com defeito
10;445;2023-01-08;1;Troca por outro produto
11;500;2023-01-08;2;Arrependimento
12;794;2023-01-08;1;Produto com defeito
13;1114;2023-01-09;1;Produto vencido/avariado
14;1189;2023-01-09;1;Produto com defeito
15;814;2023-01-11;3;Desistência
16;930;2023-01-11;1;Produto com defeito
17;1356;2023-01-12;1;Produto vencido/avariado
18;1392;2023-01-12;1;Troca por outro produto
19;1847;2023-01-12;1;Troca por outro produto
20;495;2023-01-13;1;Arrependimento
21;682;2023-01-13;1;Avaria no transporte
22;1745;2023-01-13;1;Atraso na entrega
23;313;2023-01-14;4;Produto com defeito
24;358;2023-01-14;5;Produto errado enviado
25;529;2023-01-14;1;Arrependimento
26;1481;2023-01-14;1;Produto com defeito
27;1516;2023-01-14;3;Desistência
28;1895;2023-01-14;3;Troca por outro produto
29;1057;2023-01-15;3;Arrependimento
30;1763;2023-01-16;2;Atraso na entrega
31;2231;2023-01-16;2;Arrependimento
32;1646;2023-01-17;1;Arrependimento
33;1917;2023-01-17;1;Produto com defeito
34;2442;2023-01-17;2;Produto com defeito
35;2679;2023-01-17;2;Produto errado enviado
36;3067;2023-01-17;1;Produto com defeito
37;3080;2023-01-17;2;Produto vencido/avariado
38;1329;2023-01-18;1;Atraso na entrega
39;1418;2023-01-18;1;Atraso na entrega
40;2643;2023-01-18;1;Avaria no transporte
41;2685;2023-01-18;1;Arrependimento
42;2346;2023-01-19;2;Produto com defeito
43;2426;2023-01-19;1;Produto com defeito
44;2822;2023-01-19;1;Produto com defeito
45;2895;2023-01-19;1;Produto com defeito
46;2900;2023-01-19;3;Produto vencido/avariado
47;3584;2023-01-19;2;Desistência
48;2522;2023-01-20;2;Produto com defeito
49;2595;2023-01-20;1;Produto com defeito
50;2775;2023-01-20;1;Atraso na entrega
51;2964;2023-01-20;1;Arrependimento
52;2421;2023-01-21;1;Atraso na entrega
53;3114;2023-01-21;1;Troca por outro produto
54;3262;2023-01-21;1;Avaria no transporte
55;3777;2023-01-21;1;Desistência
56;2769;2023-01-22;1;Arrependimento
57;2183;2023-01-23;1;Atraso na entrega
58;2422;2023-01-23;1;Atraso na entrega
59;2997;2023-01-23;1;Arrependimento
60;2023;2023-01-25;2;Produto errado enviado
61;2033;2023-01-25;1;Arrependimento
62;2447;2023-01-25;1;Arrependimento
63;2795;2023-01-25;1;Arrependimento
64;2805;2023-01-25;1;Arrependimento
65;4070;2023-01-25;1;Produto com defeito
66;4354;2023-01-25;1;Troca por outro produto
67;4911;2023-01-25;1;Produto vencido/avariado
68;4919;2023-01-25;1;Produto vencido/avariado
69;2762;2023-01-26;1;Avaria no transporte
70;3272;2023-01-26;4;Arrependimento
71;3311;2023-01-26;1;Avaria no transporte
72;3896;2023-01-26;2;Produto com defeito
73;4130;2023-01-26;1;Produto errado enviado
74;4604;2023-01-26;1;Produto vencido/avariado
75;2804;2023-01-27;1;Atraso na entrega
76;3316;2023-01-27;1;Arrependimento
77;3949;2023-01-27;1;Troca por outro produto
78;4055;2023-01-27;2;Troca por outro produto
79;4582;2023-01-27;4;Arrependimento
80;4825;2023-01-27;2;Atraso na entrega
81;5237;2023-01-27;1;Produto vencido/avariado
82;2770;2023-01-28;2;Arrependimento
83;2958;2023-01-28;2;Arrependimento
84;3046;2023-01-28;1;Arrependimento
85;4516;2023-01-28;1;Produto errado enviado
86;4812;2023-01-28;1;Atraso na entrega
87;4821;2023-01-28;1;Arrependimento
88;4914;2023-01-28;1;Desistência
89;5975;2023-01-28;1;Troca por outro produto
90;2947;2023-01-29;1;Arrependimento
91;2986;2023-01-29;1;Atraso na entrega
92;3030;2023-01-29;3;Produto com defeito
93;3062;2023-01-29;3;Arrependimento
94;3520;2023-01-29;1;Arrependimento
95;3725;2023-01-29;3;Produto errado enviado
96;3924;2023-01-29;2;Produto com defeito
97;5833;2023-01-29;2;Troca por outro produto
98;3292;2023-01-30;6;Avaria no transporte
99;4576;2023-01-30;5;Arrependimento
100;5311;2023-01-30;2;Arrependimento
101;5583;2023-01-30;2;Troca por outro produto
102;5700;2023-01-30;1;Arrependimento
103;4770;2023-01-31;1;Avaria no transporte
104;5126;2023-01-31;1;Produto vencido/avariado
105;5418;2023-01-31;1;Produto com defeito
106;5439;2023-01-31;1;Desistência
107;5446;2023-01-31;2;Desistência
108;6671;2023-01-31;1;Produto com defeito
109;3731;2023-02-01;2;Atraso na entrega
110;3742;2023-02-01;1;Avaria no transporte
111;4801;2023-02-01;3;Atraso na entrega
112;5316;2023-02-01;2;Arrependimento
113;5668;2023-02-01;1;Atraso na entrega
114;5701;2023-02-01;5;Arrependimento
115;5826;2023-02-01;2;Desistência
116;5906;2023-02-01;1;Produto com defeito
117;7089;2023-02-01;1;Troca por outro produto
118;5567;2023-02-02;1;Troca por outro produto
119;6422;2023-02-02;1;Avaria no transporte
120;6463;2023-02-02;1;Produto com defeito
121;6517;2023-02-02;2;Desistência
122;6735;2023-02-02;1;Avaria no transporte
123;5751;2023-02-03;2;Produto vencido/avariado
124;7168;2023-02-03;1;Arrependimento
125;7655;2023-02-03;1;Desistência
126;7800;2023-02-03;2;Produto com defeito
127;4299;2023-02-04;1;Arrependimento
128;5037;2023-02-04;1;Produto errado enviado
129;5046;2023-02-04;1;Atraso na entrega
130;5736;2023-02-04;1;Produto errado enviado
131;6240;2023-02-04;2;Produto com defeito
132;7391;2023-02-04;1;Troca por outro produto
133;7635;2023-02-04;3;Produto com defeito
134;7984;2023-02-04;3;Troca por outro produto
135;5082;2023-02-05;1;Atraso na entrega
136;6447;2023-02-05;2;Avaria no transporte
137;6732;2023-02-05;6;Troca por outro produto
138;7142;2023-02-05;1;Produto com defeito
139;7160;2023-02-05;1;Atraso na entrega
140;7194;2023-02-05;2;Arrependimento
141;7493;2023-02-05;3;Produto errado enviado
142;8622;2023-02-05;1;Troca por outro produto
143;5007;2023-02-06;1;Atraso na entrega
144;5040;2023-02-06;3;Arrependimento
145;5669;2023-02-06;1;Avaria no transporte
146;6453;2023-02-06;3;Arrependimento
147;7150;2023-02-06;1;Arrependimento
148;7656;2023-02-06;4;Produto vencido/avariado
149;8121;2023-02-06;1;Desistência
150;8122;2023-02-06;1;Produto com defeito
151;8620;2023-02-06;1;Desistência
152;8876;2023-02-06;1;Troca por outro produto
153;5044;2023-02-07;1;Avaria no transporte
154;5361;2023-02-07;1;Atraso na entrega
155;5385;2023-02-07;1;Arrependimento
156;5637;2023-02-07;1;Arrependimento
157;6866;2023-02-07;1;Produto com defeito
158;7422;2023-02-07;1;Troca por outro produto
159;7571;2023-02-07;1;Arrependimento
160;7671;2023-02-07;1;Produto vencido/avariado
161;8172;2023-02-07;1;Desistência
162;8251;2023-02-07;3;Produto errado enviado
163;5358;2023-02-08;1;Avaria no transporte
164;6349;2023-02-08;1;Avaria no transporte
165;8598;2023-02-08;1;Arrependimento
166;8752;2023-02-08;2;Arrependimento
167;8912;2023-02-08;1;Desistência
168;7242;2023-02-09;1;Atraso na entrega
169;7565;2023-02-09;1;Atraso na entrega
170;8257;2023-02-09;1;Avaria no transporte
171;8411;2023-02-09;1;Produto com defeito
172;8724;2023-02-09;1;Desistência
173;7512;2023-02-10;1;Arrependimento
174;7170;2023-02-11;1;Arrependimento
175;7490;2023-02-11;1;Atraso na entrega
176;8263;2023-02-11;1;Produto com defeito
177;8532;2023-02-11;1;Avaria no transporte
178;9011;2023-02-11;1;Produto com defeito
179;6392;2023-02-12;2;Arrependimento
180;6741;2023-02-12;1;Arrependimento
181;6771;2023-02-12;2;Arrependimento
182;7207;2023-02-12;1;Arrependimento
183;7218;2023-02-12;1;Arrependimento
184;8523;2023-02-12;1;Arrependimento
185;8920;2023-02-12;1;Produto com defeito
186;9318;2023-02-12;3;Produto errado enviado
187;9503;2023-02-12;2;Produto com defeito
188;9714;2023-02-12;1;Arrependimento
189;9735;2023-02-12;2;Arrependimento
190;6840;2023-02-13;1;Arrependimento
191;7157;2023-02-13;1;Produto errado enviado
192;7949;2023-02-13;5;Atraso na entrega
193;9220;2023-02-13;1;Troca por outro produto
194;9386;2023-02-13;3;Troca por outro produto
195;9849;2023-02-13;1;Produto com defeito
196;9871;2023-02-13;2;Desistência
197;10406;2023-02-13;1;Troca por outro produto
198;7126;2023-02-14;1;Avaria no transporte
199;7174;2023-02-14;1;Produto com defeito
200;8181;2023-02-14;2;Produto com defeito
201;8732;2023-02-14;1;Arrependimento
202;9306;2023-02-14;1;Produto errado enviado
203;9475;2023-02-14;1;Produto vencido/avariado
204;9870;2023-02-14;1;Produto com defeito
205;9878;2023-02-14;2;Produto com defeito
206;7898;2023-02-15;1;Avaria no transporte
207;9041;2023-02-15;1;Arrependimento
208;9706;2023-02-15;1;Avaria no transporte
209;9729;2023-02-15;3;Atraso na entrega
210;9795;2023-02-15;2;Troca por outro produto
211;9905;2023-02-15;1;Produto com defeito
212;9951;2023-02-15;2;Troca por outro produto
213;10866;2023-02-15;4;Produto com defeito
214;7849;2023-02-16;2;Arrependimento
215;7895;2023-02-16;1;Produto errado enviado
216;9035;2023-02-16;2;Produto com defeito
217;9934;2023-02-16;3;Avaria no transporte
218;10476;2023-02-16;2;Arrependimento
219;8258;2023-02-17;1;Produto errado enviado
220;10788;2023-02-17;1;Troca por outro produto
221;9290;2023-02-18;2;Arrependimento
222;9721;2023-02-18;2;Atraso na entrega
223;9744;2023-02-18;1;Produto errado enviado
224;9887;2023-02-18;1;Atraso na entrega
225;10322;2023-02-18;1;Avaria no transporte
226;10382;2023-02-18;2;Produto com defeito
227;10583;2023-02-18;1;Desistência
228;9009;2023-02-19;1;Atraso na entrega
229;10275;2023-02-19;4;Produto errado enviado
230;10497;2023-02-19;2;Avaria no transporte
231;10578;2023-02-19;1;Troca por outro produto
232;10774;2023-02-19;2;Troca por outro produto
233;11589;2023-02-19;1;Produto com defeito
234;11827;2023-02-19;2;Troca por outro produto
235;9031;2023-02-20;1;Produto com defeito
236;10307;2023-02-20;1;Produto com defeito
237;10785;2023-02-20;1;Produto com defeito
238;11455;2023-02-20;1;Produto com defeito
239;10977;2023-02-21;1;Produto com defeito
240;11005;2023-02-21;3;Produto com defeito
241;11572;2023-02-21;1;Produto com defeito
242;11617;2023-02-21;2;Produto com defeito
243;11806;2023-02-21;1;Desistência
244;9709;2023-02-22;1;Atraso na entrega
245;11198;2023-02-22;1;Desistência
246;11751;2023-02-22;1;Avaria no transporte
247;12328;2023-02-22;4;Troca por outro produto
248;12568;2023-02-22;1;Troca por outro produto
249;10126;2023-02-23;1;Produto errado enviado
250;10308;2023-02-23;1;Atraso na entrega
251;10531;2023-02-23;1;Produto errado enviado
252;11396;2023-02-23;1;Arrependimento
253;12164;2023-02-23;2;Arrependimento
254;12167;2023-02-23;2;Produto com defeito
255;12215;2023-02-23;2;Arrependimento
256;12224;2023-02-23;3;Arrependimento
257;12292;2023-02-23;1;Troca por outro produto
258;10720;2023-02-24;1;Arrependimento
259;10721;2023-02-24;1;Arrependimento
260;11333;2023-02-24;1;Arrependimento
261;11695;2023-02-24;1;Produto com defeito
262;11701;2023-02-24;1;Produto errado enviado
263;12653;2023-02-24;4;Produto vencido/avariado
264;12798;2023-02-24;1;Troca por outro produto
265;12011;2023-02-25;5;Troca por outro produto
266;12168;2023-02-25;2;Arrependimento
267;13402;2023-02-25;2;Produto vencido/avariado
268;11418;2023-02-26;2;Arrependimento
269;12315;2023-02-26;1;Produto com defeito
270;12344;2023-02-26;2;Produto com defeito
271;12566;2023-02-26;1;Desistência
272;12788;2023-02-26;3;Arrependimento
273;13297;2023-02-26;1;Troca por outro produto
274;11001;2023-02-27;1;Atraso na entrega
275;12779;2023-02-27;1;Atraso na entrega
276;13025;2023-02-27;1;Produto com defeito
277;10716;2023-02-28;2;Arrependimento
278;12185;2023-02-28;1;Produto com defeito
279;13101;2023-02-28;1;Produto com defeito
280;13301;2023-02-28;1;Produto errado enviado
281;13543;2023-02-28;1;Desistência
282;14135;2023-02-28;4;Troca por outro produto
283;14368;2023-02-28;2;Desistência
284;14394;2023-02-28;1;Desistência
285;11423;2023-03-01;1;Avaria no transporte
286;11730;2023-03-01;1;Avaria no transporte
287;12146;2023-03-01;3;Avaria no transporte
288;12406;2023-03-01;1;Arrependimento
289;12419;2023-03-01;1;Produto com defeito
290;13305;2023-03-01;1;Arrependimento
291;13387;2023-03-01;5;Atraso na entrega
292;13862;2023-03-01;1;Produto com defeito
293;14306;2023-03-01;3;Troca por outro produto
294;11135;2023-03-02;1;Avaria no transporte
295;12243;2023-03-02;12;Arrependimento
296;12727;2023-03-02;1;Atraso na entrega
297;12989;2023-03-02;1;Avaria no transporte
298;13006;2023-03-02;2;Arrependimento
299;13867;2023-03-02;4;Arrependimento
300;14064;2023-03-02;1;Produto com defeito
301;14187;2023-03-02;1;Produto errado enviado
302;11364;2023-03-03;2;Avaria no transporte
303;13373;2023-03-03;1;Produto com defeito
304;13698;2023-03-03;2;Produto com defeito
305;13708;2023-03-03;1;Arrependimento
306;14607;2023-03-03;1;Produto com defeito
307;11703;2023-03-04;1;Arrependimento
308;12747;2023-03-04;1;Produto errado enviado
309;13066;2023-03-04;1;Arrependimento
310;14610;2023-03-04;1;Produto com defeito
311;14619;2023-03-04;1;Arrependimento
312;12137;2023-03-05;2;Produto com defeito
313;12715;2023-03-05;1;Arrependimento
314;14708;2023-03-05;3;Desistência
315;14975;2023-03-05;5;Arrependimento
316;15012;2023-03-05;1;Arrependimento
317;15262;2023-03-05;3;Produto errado enviado
318;16081;2023-03-05;2;Troca por outro produto
319;12754;2023-03-06;1;Avaria no transporte
320;13032;2023-03-06;2;Arrependimento
321;13367;2023-03-06;1;Atraso na entrega
322;13720;2023-03-06;2;Produto errado enviado
323;14595;2023-03-06;2;Arrependimento
324;14625;2023-03-06;1;Arrependimento
325;14948;2023-03-06;2;Avaria no transporte
326;14951;2023-03-06;1;Avaria no transporte
327;15270;2023-03-06;2;Arrependimento
328;15478;2023-03-06;1;Produto vencido/avariado
329;12706;2023-03-07;1;Atraso na entrega
330;12717;2023-03-07;3;Arrependimento
331;14781;2023-03-07;1;Desistência
332;15150;2023-03-07;1;Produto vencido/avariado
333;15230;2023-03-07;1;Arrependimento
334;15330;2023-03-07;1;Produto vencido/avariado
335;15848;2023-03-07;2;Troca por outro produto
336;16012;2023-03-07;1;Arrependimento
337;16449;2023-03-07;1;Produto com defeito
338;15484;2023-03-08;1;Desistência
339;15497;2023-03-08;2;Desistência
340;15522;2023-03-08;1;Desistência
341;16193;2023-03-08;1;Desistência
342;13041;2023-03-09;1;Avaria no transporte
343;14276;2023-03-09;2;Arrependimento
344;14512;2023-03-09;1;Arrependimento
345;15404;2023-03-09;2;Troca por outro produto
346;15944;2023-03-09;2;Produto com defeito
347;16019;2023-03-09;1;Avaria no transporte
348;16239;2023-03-09;1;Produto errado enviado
349;16359;2023-03-09;2;Produto vencido/avariado
350;16639;2023-03-09;1;Produto com defeito
351;13312;2023-03-10;1;Arrependimento
352;14199;2023-03-10;1;Atraso na entrega
353;16871;2023-03-10;2;Produto vencido/avariado
354;14557;2023-03-12;2;Atraso na entrega
355;15215;2023-03-12;1;Produto com defeito
356;16257;2023-03-12;1;Arrependimento
357;16536;2023-03-12;2;Produto com defeito
358;16651;2023-03-12;1;Produto com defeito
359;17121;2023-03-12;2;Produto com defeito
360;16484;2023-03-13;1;Produto com defeito
361;16508;2023-03-13;2;Produto errado enviado
362;18178;2023-03-13;1;Desistência
363;14606;2023-03-14;2;Arrependimento
364;16799;2023-03-14;1;Produto errado enviado
365;17660;2023-03-14;1;Troca por outro produto
366;17688;2023-03-14;1;Troca por outro produto
367;17935;2023-03-14;1;Produto errado enviado
368;18430;2023-03-14;1;Produto com defeito
369;15214;2023-03-15;2;Arrependimento
370;16526;2023-03-15;1;Arrependimento
371;17776;2023-03-15;3;Troca por outro produto
372;18033;2023-03-15;1;Produto errado enviado
373;18171;2023-03-15;3;Troca por outro produto
374;18209;2023-03-15;1;Troca por outro produto
375;16840;2023-03-16;1;Arrependimento
376;17396;2023-03-16;1;Desistência
377;17576;2023-03-16;3;Produto errado enviado
378;18006;2023-03-16;1;Produto com defeito
379;15638;2023-03-17;1;Arrependimento
380;18070;2023-03-17;1;Produto errado enviado
381;18532;2023-03-17;1;Troca por outro produto
382;16501;2023-03-18;1;Avaria no transporte
383;17599;2023-03-18;4;Avaria no transporte
384;18586;2023-03-18;1;Atraso na entrega
385;16481;2023-03-19;1;Produto com defeito
386;16483;2023-03-19;1;Avaria no transporte
387;17924;2023-03-19;1;Avaria no transporte
388;18461;2023-03-19;1;Desistência
389;16788;2023-03-20;1;Produto com defeito
390;17341;2023-03-20;1;Arrependimento
391;17889;2023-03-20;2;Arrependimento
392;18609;2023-03-20;1;Produto errado enviado
393;19394;2023-03-20;1;Produto com defeito
394;17567;2023-03-21;1;Arrependimento
395;17846;2023-03-21;3;Arrependimento
396;18251;2023-03-21;1;Produto errado enviado
397;18849;2023-03-21;1;Avaria no transporte
398;17620;2023-03-22;1;Arrependimento
399;18630;2023-03-22;3;Arrependimento
400;19074;2023-03-22;1;Produto errado enviado
401;19157;2023-03-22;2;Produto com defeito
402;19718;2023-03-22;1;Troca por outro produto
403;20051;2023-03-22;2;Desistência
404;18045;2023-03-23;1;Produto com defeito
405;18324;2023-03-23;1;Produto errado enviado
406;18583;2023-03-23;1;Produto errado enviado
407;19113;2023-03-23;1;Arrependimento
408;19272;2023-03-23;2;Desistência
409;19514;2023-03-23;1;Desistência
410;19867;2023-03-23;2;Atraso na entrega
411;19904;2023-03-23;15;Troca por outro produto
412;20135;2023-03-23;1;Arrependimento
413;17854;2023-03-24;1;Produto com defeito
414;19302;2023-03-24;1;Produto com defeito
415;19368;2023-03-24;1;Atraso na entrega
416;19813;2023-03-24;1;Produto errado enviado
417;20824;2023-03-24;1;Produto com defeito
418;20881;2023-03-24;1;Produto vencido/avariado
419;20151;2023-03-25;1;Arrependimento
420;21046;2023-03-25;1;Troca por outro produto
421;21153;2023-03-25;1;Desistência
422;18054;2023-03-26;1;Produto com defeito
423;18555;2023-03-26;1;Atraso na entrega
424;18807;2023-03-26;1;Arrependimento
425;18818;2023-03-26;2;Avaria no transporte
426;19878;2023-03-26;1;Arrependimento
427;20710;2023-03-26;1;Arrependimento
428;20979;2023-03-26;1;Produto com defeito
429;21514;2023-03-26;1;Troca por outro produto
430;20171;2023-03-27;3;Produto errado enviado
431;20195;2023-03-27;1;Desistência
432;20612;2023-03-27;5;Arrependimento
433;21032;2023-03-27;2;Arrependimento
434;21085;2023-03-27;1;Produto vencido/avariado
435;21681;2023-03-27;1;Desistência
436;21744;2023-03-27;2;Desistência
437;18827;2023-03-28;1;Avaria no transporte
438;19293;2023-03-28;1;Produto errado enviado
439;19797;2023-03-28;1;Produto com defeito
440;20103;2023-03-28;1;Produto errado enviado
441;20642;2023-03-28;3;Avaria no transporte
442;21561;2023-03-28;1;Atraso na entrega
443;18865;2023-03-29;2;Avaria no transporte
444;18894;2023-03-29;5;Arrependimento
445;18905;2023-03-29;2;Arrependimento
446;19639;2023-03-29;1;Atraso na entrega
447;20795;2023-03-29;1;Produto com defeito
448;22720;2023-03-29;1;Produto vencido/avariado
449;19115;2023-03-30;1;Arrependimento
450;19122;2023-03-30;1;Avaria no transporte
451;19651;2023-03-30;2;Avaria no transporte
452;20089;2023-03-30;4;Produto com defeito
453;20160;2023-03-30;2;Produto errado enviado
454;20373;2023-03-30;1;Avaria no transporte
455;20721;2023-03-30;1;Arrependimento
456;21156;2023-03-30;1;Desistência
457;21404;2023-03-30;3;Produto vencido/avariado
458;21810;2023-03-30;1;Arrependimento
459;22923;2023-03-30;1;Troca por outro produto
460;21287;2023-03-31;1;Avaria no transporte
461;21623;2023-03-31;6;Produto errado enviado
462;21967;2023-03-31;1;Desistência
463;22108;2023-03-31;3;Atraso na entrega
464;19880;2023-04-01;1;Arrependimento
465;21615;2023-04-01;1;Atraso na entrega
466;22338;2023-04-01;1;Produto com defeito
467;20129;2023-04-02;1;Arrependimento
468;20415;2023-04-02;2;Produto com defeito
469;21601;2023-04-02;2;Arrependimento
470;22216;2023-04-02;3;Troca por outro produto
471;22246;2023-04-02;2;Desistência
472;23100;2023-04-02;1;Atraso na entrega
473;22123;2023-04-03;1;Produto errado enviado
474;22532;2023-04-03;1;Atraso na entrega
475;22535;2023-04-03;2;Atraso na entrega
476;23012;2023-04-03;1;Produto vencido/avariado
477;23606;2023-04-03;15;Troca por outro produto
478;24357;2023-04-03;1;Desistência
479;20643;2023-04-04;1;Produto errado enviado
480;22084;2023-04-04;1;Produto com defeito
481;22574;2023-04-04;1;Desistência
482;23052;2023-04-04;3;Produto com defeito
483;23065;2023-04-04;2;Produto com defeito
484;23417;2023-04-04;1;Arrependimento
485;23972;2023-04-04;1;Troca por outro produto
486;20693;2023-04-05;1;Produto com defeito
487;22944;2023-04-05;1;Desistência
488;23084;2023-04-05;2;Arrependimento
489;23391;2023-04-05;1;Troca por outro produto
490;23435;2023-04-05;1;Atraso na entrega
491;23985;2023-04-05;1;Troca por outro produto
492;24073;2023-04-05;1;Arrependimento
493;21626;2023-04-06;1;Produto errado enviado
494;23844;2023-04-06;1;Arrependimento
495;24404;2023-04-06;1;Produto errado enviado
496;25296;2023-04-06;1;Produto com defeito
497;21245;2023-04-07;3;Produto errado enviado
498;23444;2023-04-07;2;Produto errado enviado
499;23876;2023-04-07;1;Arrependimento
500;24749;2023-04-07;1;Produto errado enviado
501;24916;2023-04-07;4;Produto com defeito
502;24996;2023-04-07;3;Produto com defeito
503;22112;2023-04-08;1;Avaria no transporte
504;22815;2023-04-08;1;Arrependimento
505;24122;2023-04-08;6;Avaria no transporte
506;24440;2023-04-08;2;Arrependimento
507;24529;2023-04-08;2;Avaria no transporte
508;24968;2023-04-08;1;Produto com defeito
509;21785;2023-04-09;1;Arrependimento
510;22078;2023-04-09;2;Avaria no transporte
511;23929;2023-04-09;1;Arrependimento
512;24088;2023-04-09;1;Arrependimento
513;24113;2023-04-09;1;Produto errado enviado
514;24288;2023-04-09;1;Produto com defeito
515;24296;2023-04-09;5;Troca por outro produto
516;25141;2023-04-09;1;Arrependimento
517;25538;2023-04-09;1;Desistência
518;23160;2023-04-10;1;Arrependimento
519;23402;2023-04-10;2;Arrependimento
520;24112;2023-04-10;1;Atraso na entrega
521;24810;2023-04-10;3;Arrependimento
522;24817;2023-04-10;1;Avaria no transporte
523;25255;2023-04-10;1;Desistência
524;25719;2023-04-10;1;Troca por outro produto
525;23159;2023-04-11;1;Avaria no transporte
526;23501;2023-04-11;2;Arrependimento
527;24776;2023-04-11;1;Arrependimento
528;25079;2023-04-11;3;Produto com defeito
529;23484;2023-04-12;1;Avaria no transporte
530;23497;2023-04-12;2;Arrependimento
531;23498;2023-04-12;1;Arrependimento
532;25427;2023-04-12;3;Produto errado enviado
533;26158;2023-04-12;1;Arrependimento
534;26464;2023-04-12;1;Produto vencido/avariado
535;24119;2023-04-13;2;Arrependimento
536;25774;2023-04-13;1;Desistência
537;25807;2023-04-13;1;Produto com defeito
538;25960;2023-04-13;1;Atraso na entrega
539;23403;2023-04-14;1;Arrependimento
540;24527;2023-04-14;1;Atraso na entrega
541;25416;2023-04-14;1;Atraso na entrega
542;25673;2023-04-14;1;Arrependimento
543;25972;2023-04-14;1;Atraso na entrega
544;26108;2023-04-14;1;Produto vencido/avariado
545;26310;2023-04-14;1;Desistência
546;26375;2023-04-14;2;Produto vencido/avariado
547;24474;2023-04-15;1;Produto com defeito
548;24830;2023-04-15;1;Atraso na entrega
549;25671;2023-04-15;1;Atraso na entrega
550;26949;2023-04-15;1;Troca por outro produto
551;27213;2023-04-15;3;Produto vencido/avariado
552;27266;2023-04-15;3;Produto com defeito
553;27426;2023-04-15;2;Produto com defeito
554;27441;2023-04-15;1;Troca por outro produto
555;24114;2023-04-16;1;Avaria no transporte
556;24462;2023-04-16;1;Avaria no transporte
557;25061;2023-04-16;3;Atraso na entrega
558;25064;2023-04-16;1;Arrependimento
559;26212;2023-04-16;1;Avaria no transporte
560;26238;2023-04-16;1;Atraso na entrega
561;26354;2023-04-16;4;Produto com defeito
562;26372;2023-04-16;1;Desistência
563;26688;2023-04-16;2;Desistência
564;27325;2023-04-16;1;Atraso na entrega
565;27489;2023-04-16;1;Produto vencido/avariado
566;27817;2023-04-16;1;Produto vencido/avariado
567;28036;2023-04-16;1;Desistência
568;24409;2023-04-17;1;Produto com defeito
569;24463;2023-04-17;3;Produto com defeito
570;25075;2023-04-17;1;Arrependimento
571;25692;2023-04-17;1;Produto com defeito
572;25694;2023-04-17;2;Produto errado enviado
573;26838;2023-04-17;1;Arrependimento
574;26877;2023-04-17;1;Troca por outro produto
575;27116;2023-04-17;1;Avaria no transporte
576;27201;2023-04-17;2;Troca por outro produto
577;24740;2023-04-18;1;Atraso na entrega
578;24832;2023-04-18;2;Avaria no transporte
579;26215;2023-04-18;1;Arrependimento
580;26225;2023-04-18;1;Avaria no transporte
581;26834;2023-04-18;4;Atraso na entrega
582;27705;2023-04-18;1;Troca por outro produto
583;25082;2023-04-19;3;Arrependimento
584;25342;2023-04-19;1;Atraso na entrega
585;27080;2023-04-19;2;Atraso na entrega
586;27720;2023-04-19;1;Troca por outro produto
587;27807;2023-04-19;1;Desistência
588;28303;2023-04-19;3;Desistência
589;25957;2023-04-20;2;Produto errado enviado
590;26472;2023-04-20;1;Arrependimento
591;27816;2023-04-20;2;Troca por outro produto
592;28742;2023-04-20;2;Produto com defeito
593;26175;2023-04-21;1;Arrependimento
594;26778;2023-04-21;3;Arrependimento
595;26799;2023-04-21;1;Arrependimento
596;28158;2023-04-21;3;Produto errado enviado
597;25981;2023-04-22;1;Produto com defeito
598;26154;2023-04-22;1;Produto errado enviado
599;27370;2023-04-22;1;Produto errado enviado
600;28031;2023-04-22;3;Produto vencido/avariado
601;28510;2023-04-22;1;Produto com defeito
602;28700;2023-04-22;1;Produto com defeito
603;28729;2023-04-22;1;Produto com defeito
604;29412;2023-04-22;2;Desistência
605;26190;2023-04-23;1;Avaria no transporte
606;26779;2023-04-23;1;Arrependimento
607;27121;2023-04-23;4;Produto errado enviado
608;28379;2023-04-23;2;Arrependimento
609;28449;2023-04-23;4;Avaria no transporte
610;28592;2023-04-23;3;Produto vencido/avariado
611;28739;2023-04-23;1;Desistência
612;29251;2023-04-23;1;Desistência
613;26517;2023-04-24;1;Arrependimento
614;26529;2023-04-24;1;Avaria no transporte
615;27657;2023-04-24;2;Produto com defeito
616;27988;2023-04-24;1;Avaria no transporte
617;28619;2023-04-24;3;Arrependimento
618;28670;2023-04-24;2;Atraso na entrega
619;28781;2023-04-24;3;Desistência
620;28906;2023-04-24;2;Arrependimento
621;28992;2023-04-24;2;Produto com defeito
622;29486;2023-04-24;1;Produto com defeito
623;30361;2023-04-24;1;Desistência
624;30429;2023-04-24;1;Desistência
625;28116;2023-04-25;1;Arrependimento
626;29215;2023-04-25;1;Produto errado enviado
627;29505;2023-04-25;4;Atraso na entrega
628;29799;2023-04-25;1;Produto com defeito
629;30366;2023-04-25;1;Desistência
630;27093;2023-04-26;2;Arrependimento
631;28377;2023-04-26;1;Produto errado enviado
632;29673;2023-04-26;4;Desistência
633;29789;2023-04-26;1;Produto vencido/avariado
634;28378;2023-04-27;1;Produto com defeito
635;29130;2023-04-27;1;Avaria no transporte
636;29189;2023-04-27;2;Atraso na entrega
637;29851;2023-04-27;1;Arrependimento
638;30232;2023-04-27;2;Produto com defeito
639;30325;2023-04-27;1;Desistência
640;31386;2023-04-27;3;Troca por outro produto
641;28426;2023-04-28;1;Arrependimento
642;30112;2023-04-28;1;Produto com defeito
643;31595;2023-04-28;3;Desistência
644;29175;2023-04-29;1;Arrependimento
645;29993;2023-04-29;1;Troca por outro produto
646;30533;2023-04-29;4;Produto com defeito
647;30675;2023-04-29;1;Troca por outro produto
648;31221;2023-04-29;1;Atraso na entrega
649;31229;2023-04-29;1;Avaria no transporte
650;28149;2023-04-30;1;Produto errado enviado
651;28162;2023-04-30;1;Arrependimento
652;29197;2023-04-30;1;Produto errado enviado
653;29913;2023-04-30;1;Arrependimento
654;30348;2023-04-30;1;Produto com defeito
655;30475;2023-04-30;1;Avaria no transporte
656;30557;2023-04-30;1;Avaria no transporte
657;30766;2023-04-30;1;Produto com defeito
658;31277;2023-04-30;1;Troca por outro produto
659;32077;2023-04-30;1;Desistência
660;30474;2023-05-01;1;Produto errado enviado
661;30678;2023-05-01;5;Desistência
662;31211;2023-05-01;1;Avaria no transporte
663;29192;2023-05-02;1;Arrependimento
664;29510;2023-05-02;1;Produto errado enviado
665;30065;2023-05-02;1;Arrependimento
666;30165;2023-05-02;1;Produto com defeito
667;31421;2023-05-02;1;Arrependimento
668;31537;2023-05-02;1;Desistência
669;32232;2023-05-02;1;Produto com defeito
670;32796;2023-05-02;1;Desistência
671;28930;2023-05-03;1;Produto errado enviado
672;29509;2023-05-03;5;Atraso na entrega
673;29826;2023-05-03;2;Arrependimento
674;30080;2023-05-03;1;Produto com defeito
675;30503;2023-05-03;1;Avaria no transporte
676;30802;2023-05-03;1;Avaria no transporte
677;30830;2023-05-03;1;Atraso na entrega
678;31436;2023-05-03;3;Atraso na entrega
679;31678;2023-05-03;1;Produto com defeito
680;31735;2023-05-03;6;Desistência
681;31917;2023-05-03;2;Arrependimento
682;31949;2023-05-03;2;Produto com defeito
683;32081;2023-05-03;2;Produto com defeito
684;32236;2023-05-03;1;Produto com defeito
685;32769;2023-05-03;2;Troca por outro produto
686;29150;2023-05-04;3;Avaria no transporte
687;29908;2023-05-04;2;Arrependimento
688;30580;2023-05-04;3;Arrependimento
689;32053;2023-05-04;2;Desistência
690;33239;2023-05-04;2;Produto com defeito
691;29834;2023-05-05;1;Atraso na entrega
692;29853;2023-05-05;1;Avaria no transporte
693;30071;2023-05-05;2;Arrependimento
694;30082;2023-05-05;1;Produto errado enviado
695;30188;2023-05-05;1;Atraso na entrega
696;30464;2023-05-05;1;Produto errado enviado
697;30886;2023-05-05;1;Avaria no transporte
698;31895;2023-05-05;1;Avaria no transporte
699;32015;2023-05-05;1;Troca por outro produto
700;33173;2023-05-05;1;Atraso na entrega
701;30536;2023-05-06;7;Arrependimento
702;30800;2023-05-06;1;Atraso na entrega
703;32353;2023-05-06;1;Produto com defeito
704;32883;2023-05-06;3;Produto errado enviado
705;33191;2023-05-06;1;Arrependimento
706;33407;2023-05-06;1;Atraso na entrega
707;33618;2023-05-06;1;Produto com defeito
708;33953;2023-05-06;1;Produto com defeito
709;33980;2023-05-06;3;Produto com defeito
710;30444;2023-05-07;1;Avaria no transporte
711;30487;2023-05-07;1;Avaria no transporte
712;30532;2023-05-07;2;Arrependimento
713;31449;2023-05-07;1;Produto errado enviado
714;31502;2023-05-07;1;Produto errado enviado
715;33003;2023-05-07;2;Produto com defeito
716;33128;2023-05-07;3;Produto com defeito
717;33844;2023-05-07;3;Desistência
718;33938;2023-05-07;1;Desistência
719;34047;2023-05-07;1;Desistência
720;34351;2023-05-07;1;Desistência
721;30849;2023-05-08;5;Avaria no transporte
722;31883;2023-05-08;1;Avaria no transporte
723;33227;2023-05-08;2;Desistência
724;34662;2023-05-08;1;Desistência
725;30902;2023-05-09;3;Arrependimento
726;33457;2023-05-09;2;Atraso na entrega
727;33654;2023-05-09;1;Desistência
728;33747;2023-05-09;2;Produto com defeito
729;33799;2023-05-09;1;Produto errado enviado
730;34104;2023-05-09;1;Avaria no transporte
731;34286;2023-05-09;1;Produto com defeito
732;31177;2023-05-10;3;Avaria no transporte
733;31828;2023-05-10;2;Produto com defeito
734;32320;2023-05-10;2;Arrependimento
735;32590;2023-05-10;1;Produto com defeito
736;33436;2023-05-10;1;Avaria no transporte
737;33557;2023-05-10;4;Desistência
738;33824;2023-05-10;3;Arrependimento
739;34207;2023-05-10;1;Troca por outro produto
740;34707;2023-05-10;1;Troca por outro produto
741;35271;2023-05-10;2;Produto com defeito
742;31868;2023-05-11;1;Arrependimento
743;33445;2023-05-11;1;Produto com defeito
744;35533;2023-05-11;1;Produto com defeito
745;31878;2023-05-12;1;Produto com defeito
746;32936;2023-05-12;2;Produto com defeito
747;32939;2023-05-12;1;Produto com defeito
748;33213;2023-05-12;2;Arrependimento
749;34077;2023-05-12;2;Atraso na entrega
750;34608;2023-05-12;1;Produto com defeito
751;34686;2023-05-12;2;Produto vencido/avariado
752;35017;2023-05-12;1;Produto com defeito
753;35769;2023-05-12;1;Desistência
754;32566;2023-05-13;1;Arrependimento
755;34468;2023-05-13;1;Troca por outro produto
756;34640;2023-05-13;1;Atraso na entrega
757;34653;2023-05-13;1;Arrependimento
758;35117;2023-05-13;1;Avaria no transporte
759;35155;2023-05-13;4;Atraso na entrega
760;35395;2023-05-13;1;Avaria no transporte
761;35438;2023-05-13;2;Desistência
762;34108;2023-05-14;1;Produto errado enviado
763;34151;2023-05-14;1;Arrependimento
764;34772;2023-05-14;1;Produto vencido/avariado
765;35157;2023-05-14;1;Produto errado enviado
766;35452;2023-05-14;1;Produto com defeito
767;35637;2023-05-14;2;Arrependimento
768;32867;2023-05-15;1;Produto errado enviado
769;34835;2023-05-15;1;Arrependimento
770;35136;2023-05-15;1;Produto com defeito
771;35882;2023-05-15;1;Produto com defeito
772;36210;2023-05-15;1;Desistência
773;36256;2023-05-15;1;Produto vencido/avariado
774;33160;2023-05-16;3;Produto errado enviado
775;34152;2023-05-16;1;Produto com defeito
776;35335;2023-05-16;1;Troca por outro produto
777;36028;2023-05-16;1;Produto vencido/avariado
778;36130;2023-05-16;1;Atraso na entrega
779;34394;2023-05-17;1;Avaria no transporte
780;35344;2023-05-17;1;Arrependimento
781;36114;2023-05-17;1;Avaria no transporte
782;36346;2023-05-17;1;Produto com defeito
783;34154;2023-05-18;1;Produto errado enviado
784;35179;2023-05-18;2;Produto errado enviado
785;35735;2023-05-18;4;Produto com defeito
786;36238;2023-05-18;1;Produto com defeito
787;34788;2023-05-19;2;Produto com defeito
788;35972;2023-05-19;2;Troca por outro produto
789;36497;2023-05-19;1;Arrependimento
790;36699;2023-05-19;1;Troca por outro produto
791;37097;2023-05-19;1;Produto com defeito
792;35107;2023-05-20;2;Arrependimento
793;35161;2023-05-20;3;Arrependimento
794;35893;2023-05-20;1;Arrependimento
795;36772;2023-05-20;2;Avaria no transporte
796;37000;2023-05-20;2;Produto errado enviado
797;34817;2023-05-21;1;Arrependimento
798;34853;2023-05-21;3;Arrependimento
799;35410;2023-05-21;1;Arrependimento
800;35609;2023-05-21;1;Arrependimento
801;36976;2023-05-21;2;Produto com defeito
802;37261;2023-05-21;2;Arrependimento
803;37337;2023-05-21;1;Desistência
804;37943;2023-05-21;1;Troca por outro produto
805;35108;2023-05-22;1;Arrependimento
806;35641;2023-05-22;1;Avaria no transporte
807;36814;2023-05-22;1;Produto com defeito
808;37541;2023-05-22;6;Atraso na entrega
809;38226;2023-05-22;1;Produto com defeito
810;35627;2023-05-23;1;Arrependimento
811;35865;2023-05-23;3;Arrependimento
812;36857;2023-05-23;1;Troca por outro produto
813;37746;2023-05-23;1;Desistência
814;35340;2023-05-24;1;Avaria no transporte
815;35897;2023-05-24;1;Avaria no transporte
816;36285;2023-05-24;1;Atraso na entrega
817;36541;2023-05-24;4;Atraso na entrega
818;36815;2023-05-25;1;Arrependimento
819;37427;2023-05-25;1;Arrependimento
820;37552;2023-05-25;1;Produto vencido/avariado
821;37649;2023-05-25;1;Troca por outro produto
822;38062;2023-05-25;1;Arrependimento
823;38086;2023-05-25;2;Produto errado enviado
824;38100;2023-05-25;1;Atraso na entrega
825;38349;2023-05-25;1;Arrependimento
826;38384;2023-05-25;1;Produto com defeito
827;38130;2023-05-26;1;Desistência
828;38366;2023-05-26;1;Produto vencido/avariado
829;36711;2023-05-27;1;Arrependimento
830;38065;2023-05-27;1;Produto errado enviado
831;38310;2023-05-27;3;Produto com defeito
832;38564;2023-05-27;1;Atraso na entrega
833;38600;2023-05-27;1;Avaria no transporte
834;39067;2023-05-27;1;Desistência
835;39691;2023-05-27;3;Troca por outro produto
836;37839;2023-05-28;4;Arrependimento
837;39101;2023-05-28;1;Produto vencido/avariado
838;39108;2023-05-28;1;Produto com defeito
839;36487;2023-05-29;1;Produto errado enviado
840;36756;2023-05-29;1;Arrependimento
841;38318;2023-05-29;1;Produto errado enviado
842;38380;2023-05-29;1;Desistência
843;38396;2023-05-29;3;Desistência
844;38538;2023-05-29;2;Arrependimento
845;39741;2023-05-29;1;Troca por outro produto
846;40197;2023-05-29;1;Produto com defeito
847;36796;2023-05-30;1;Arrependimento
848;37496;2023-05-30;1;Produto com defeito
849;37501;2023-05-30;1;Produto com defeito
850;38252;2023-05-30;1;Atraso na entrega
851;38570;2023-05-30;4;Arrependimento
852;38640;2023-05-30;1;Produto vencido/avariado
853;39277;2023-05-30;1;Troca por outro produto
854;40189;2023-05-30;1;Troca por outro produto
855;37447;2023-05-31;2;Arrependimento
856;38827;2023-05-31;1;Arrependimento
857;38830;2023-05-31;2;Produto errado enviado
858;39809;2023-05-31;1;Avaria no transporte
859;39835;2023-05-31;3;Produto com defeito
860;39998;2023-05-31;3;Produto com defeito
861;40014;2023-05-31;1;Avaria no transporte
862;40046;2023-05-31;1;Arrependimento
863;38883;2023-06-01;2;Arrependimento
864;39550;2023-06-01;1;Produto com defeito
865;39734;2023-06-01;3;Produto com defeito
866;39952;2023-06-01;1;Atraso na entrega
867;40258;2023-06-01;1;Produto com defeito
868;40456;2023-06-01;5;Desistência
869;38594;2023-06-02;1;Produto com defeito
870;39160;2023-06-02;2;Arrependimento
871;39948;2023-06-02;2;Arrependimento
872;40110;2023-06-02;1;Desistência
873;41033;2023-06-02;1;Produto com defeito
874;38276;2023-06-03;2;Atraso na entrega
875;38820;2023-06-03;2;Produto com defeito
876;39470;2023-06-03;2;Produto com defeito
877;40718;2023-06-03;1;Troca por outro produto
878;40767;2023-06-03;1;Troca por outro produto
879;40818;2023-06-03;3;Desistência
880;40205;2023-06-04;1;Desistência
881;40348;2023-06-04;2;Avaria no transporte
882;41756;2023-06-04;1;Produto com defeito
883;39456;2023-06-05;2;Arrependimento
884;39801;2023-06-05;1;Arrependimento
885;40593;2023-06-05;1;Atraso na entrega
886;38626;2023-06-06;1;Arrependimento
887;38856;2023-06-06;1;Produto com defeito
888;38859;2023-06-06;1;Produto errado enviado
889;40316;2023-06-06;1;Arrependimento
890;41149;2023-06-06;1;Arrependimento
891;39194;2023-06-07;3;Avaria no transporte
892;40349;2023-06-07;1;Arrependimento
893;41159;2023-06-07;1;Atraso na entrega
894;41661;2023-06-07;1;Produto com defeito
895;39186;2023-06-08;1;Arrependimento
896;39781;2023-06-08;1;Produto com defeito
897;40262;2023-06-08;1;Produto com defeito
898;41146;2023-06-08;1;Produto errado enviado
899;41407;2023-06-08;1;Avaria no transporte
900;42095;2023-06-08;2;Troca por outro produto
901;42102;2023-06-08;1;Produto errado enviado
902;42152;2023-06-08;3;Arrependimento
903;42355;2023-06-08;1;Desistência
904;42830;2023-06-08;1;Desistência
905;40037;2023-06-09;1;Arrependimento
906;40051;2023-06-09;2;Arrependimento
907;40260;2023-06-09;2;Arrependimento
908;42157;2023-06-09;1;Atraso na entrega
909;42416;2023-06-09;1;Avaria no transporte
910;42472;2023-06-09;3;Arrependimento
911;42980;2023-06-09;4;Desistência
912;43096;2023-06-09;4;Produto com defeito
913;39799;2023-06-10;1;Produto com defeito
914;40304;2023-06-10;2;Arrependimento
915;40838;2023-06-10;3;Produto com defeito
916;40889;2023-06-10;1;Arrependimento
917;41145;2023-06-10;1;Arrependimento
918;41853;2023-06-10;2;Produto com defeito
919;42130;2023-06-10;1;Produto com defeito
920;42134;2023-06-10;1;Produto com defeito
921;42176;2023-06-10;1;Arrependimento
922;42373;2023-06-11;1;Produto com defeito
923;42597;2023-06-11;1;Troca por outro produto
924;42682;2023-06-11;2;Avaria no transporte
925;40595;2023-06-12;1;Arrependimento
926;42309;2023-06-12;4;Troca por outro produto
927;42319;2023-06-12;1;Produto com defeito
928;42479;2023-06-12;1;Produto com defeito
929;40861;2023-06-13;2;Produto com defeito
930;42676;2023-06-13;2;Atraso na entrega
931;42864;2023-06-13;1;Desistência
932;43773;2023-06-13;2;Produto com defeito
933;43897;2023-06-13;1;Troca por outro produto
934;41164;2023-06-14;2;Arrependimento
935;41867;2023-06-14;3;Arrependimento
936;41897;2023-06-14;16;Arrependimento
937;42768;2023-06-14;3;Produto vencido/avariado
938;43265;2023-06-14;1;Troca por outro produto
939;43380;2023-06-14;1;Troca por outro produto
940;41370;2023-06-15;1;Avaria no transporte
941;42895;2023-06-15;1;Produto errado enviado
942;43801;2023-06-15;1;Arrependimento
943;43374;2023-06-16;2;Desistência
944;44609;2023-06-16;1;Troca por outro produto
945;44760;2023-06-16;2;Produto com defeito
946;41869;2023-06-17;1;Avaria no transporte
947;41873;2023-06-17;1;Produto com defeito
948;42172;2023-06-17;1;Produto com defeito
949;43695;2023-06-17;2;Troca por outro produto
950;41883;2023-06-18;1;Atraso na entrega
951;43644;2023-06-18;1;Produto com defeito
952;43833;2023-06-18;1;Avaria no transporte
953;43878;2023-06-18;1;Produto vencido/avariado
954;44267;2023-06-18;3;Produto com defeito
955;45093;2023-06-18;2;Troca por outro produto
956;42205;2023-06-19;1;Arrependimento
957;42877;2023-06-19;2;Arrependimento
958;43656;2023-06-19;1;Atraso na entrega
959;43855;2023-06-19;1;Arrependimento
960;44303;2023-06-19;1;Arrependimento
961;44531;2023-06-19;1;Atraso na entrega
962;44591;2023-06-19;6;Arrependimento
963;45473;2023-06-19;2;Desistência
964;44306;2023-06-20;2;Produto com defeito
965;44577;2023-06-20;1;Produto errado enviado
966;45055;2023-06-20;1;Troca por outro produto
967;42669;2023-06-21;1;Arrependimento
968;43132;2023-06-21;1;Produto com defeito
969;43658;2023-06-21;2;Arrependimento
970;44315;2023-06-21;1;Atraso na entrega
971;45072;2023-06-21;1;Troca por outro produto
972;45191;2023-06-21;1;Produto com defeito
973;43166;2023-06-22;1;Produto com defeito
974;43468;2023-06-22;2;Atraso na entrega
975;43841;2023-06-22;1;Arrependimento
976;44641;2023-06-22;1;Produto com defeito
977;46220;2023-06-22;2;Produto com defeito
978;43519;2023-06-23;5;Arrependimento
979;43635;2023-06-23;1;Produto errado enviado
980;44820;2023-06-23;2;Atraso na entrega
981;45810;2023-06-23;1;Produto com defeito
982;43665;2023-06-24;1;Avaria no transporte
983;45493;2023-06-24;1;Troca por outro produto
984;44556;2023-06-25;1;Atraso na entrega
985;45843;2023-06-25;1;Produto com defeito
986;46099;2023-06-25;1;Desistência
987;46486;2023-06-25;1;Troca por outro produto
988;46593;2023-06-25;3;Produto vencido/avariado
989;46945;2023-06-25;1;Troca por outro produto
990;45109;2023-06-26;2;Arrependimento
991;45905;2023-06-26;1;Arrependimento
992;46783;2023-06-26;1;Desistência
993;47312;2023-06-26;1;Produto vencido/avariado
994;45636;2023-06-27;1;Arrependimento
995;46157;2023-06-27;1;Arrependimento
996;46552;2023-06-27;1;Desistência
997;46738;2023-06-27;1;Produto com defeito
998;46999;2023-06-27;1;Arrependimento
999;47079;2023-06-27;1;Troca por outro produto
1000;47280;2023-06-27;1;Desistência
1001;44871;2023-06-28;1;Arrependimento
1002;47646;2023-06-28;1;Desistência
1003;47963;2023-06-28;1;Desistência
1004;47047;2023-06-29;2;Arrependimento
1005;47414;2023-06-29;1;Produto errado enviado
1006;44791;2023-06-30;1;Produto com defeito
1007;45890;2023-06-30;1;Avaria no transporte
1008;45931;2023-06-30;1;Produto errado enviado
1009;46732;2023-06-30;1;Produto com defeito
1010;47778;2023-06-30;3;Produto com defeito
1011;45558;2023-07-01;1;Produto com defeito
1012;45635;2023-07-01;1;Produto errado enviado
1013;45848;2023-07-01;2;Arrependimento
1014;46169;2023-07-01;1;Arrependimento
1015;47142;2023-07-01;1;Desistência
1016;47948;2023-07-01;1;Produto com defeito
1017;48283;2023-07-01;1;Troca por outro produto
1018;48832;2023-07-01;2;Troca por outro produto
1019;45946;2023-07-02;1;Produto com defeito
1020;47177;2023-07-02;1;Arrependimento
1021;47425;2023-07-02;1;Arrependimento
1022;47458;2023-07-02;1;Avaria no transporte
1023;48412;2023-07-02;2;Arrependimento
1024;48976;2023-07-02;1;Desistência
1025;45576;2023-07-03;2;Avaria no transporte
1026;45648;2023-07-03;1;Arrependimento
1027;46433;2023-07-03;1;Produto com defeito
1028;47428;2023-07-03;2;Atraso na entrega
1029;47631;2023-07-03;1;Desistência
1030;47952;2023-07-03;2;Desistência
1031;48686;2023-07-03;1;Arrependimento
1032;48782;2023-07-03;1;Desistência
1033;49316;2023-07-03;6;Desistência
1034;49356;2023-07-03;1;Produto com defeito
1035;47236;2023-07-04;2;Arrependimento
1036;47423;2023-07-04;2;Produto errado enviado
1037;47732;2023-07-04;1;Arrependimento
1038;47809;2023-07-04;3;Arrependimento
1039;47946;2023-07-04;3;Desistência
1040;48611;2023-07-04;1;Produto com defeito
1041;49377;2023-07-04;2;Troca por outro produto
1042;49680;2023-07-04;1;Produto com defeito
1043;48649;2023-07-05;1;Arrependimento
1044;49650;2023-07-05;1;Produto com defeito
1045;47779;2023-07-06;1;Produto errado enviado
1046;48042;2023-07-06;1;Arrependimento
1047;48061;2023-07-06;1;Avaria no transporte
1048;48348;2023-07-06;1;Arrependimento
1049;48354;2023-07-06;1;Produto com defeito
1050;48759;2023-07-06;1;Produto com defeito
1051;49240;2023-07-06;1;Produto com defeito
1052;46659;2023-07-07;1;Arrependimento
1053;48724;2023-07-07;1;Troca por outro produto
1054;48744;2023-07-07;1;Produto com defeito
1055;49661;2023-07-07;1;Troca por outro produto
1056;49494;2023-07-08;5;Atraso na entrega
1057;49718;2023-07-08;1;Produto errado enviado
1058;49777;2023-07-08;1;Arrependimento
1059;49791;2023-07-08;1;Arrependimento
1060;50649;2023-07-08;1;Produto com defeito
1061;47208;2023-07-09;1;Produto com defeito
1062;47261;2023-07-09;2;Arrependimento
1063;47740;2023-07-09;1;Atraso na entrega
1064;47780;2023-07-09;1;Arrependimento
1065;48037;2023-07-09;2;Arrependimento
1066;48673;2023-07-09;3;Avaria no transporte
1067;48693;2023-07-09;1;Produto com defeito
1068;49304;2023-07-09;2;Troca por outro produto
1069;49769;2023-07-09;1;Produto errado enviado
1070;50190;2023-07-09;3;Produto com defeito
1071;50724;2023-07-09;1;Desistência
1072;47729;2023-07-10;1;Arrependimento
1073;48001;2023-07-10;2;Produto com defeito
1074;48093;2023-07-10;3;Arrependimento
1075;48388;2023-07-10;2;Arrependimento
1076;48430;2023-07-10;1;Arrependimento
1077;49475;2023-07-10;1;Produto com defeito
1078;48127;2023-07-11;1;Avaria no transporte
1079;48386;2023-07-11;1;Atraso na entrega
1080;49435;2023-07-11;1;Avaria no transporte
1081;50283;2023-07-11;1;Atraso na entrega
1082;50310;2023-07-11;1;Avaria no transporte
1083;50566;2023-07-11;2;Produto errado enviado
1084;51199;2023-07-11;1;Troca por outro produto
1085;51484;2023-07-11;1;Produto com defeito
1086;50631;2023-07-12;1;Produto com defeito
1087;48455;2023-07-13;1;Produto com defeito
1088;51027;2023-07-13;2;Troca por outro produto
1089;52017;2023-07-13;2;Desistência
1090;50331;2023-07-14;1;Atraso na entrega
1091;50808;2023-07-14;1;Produto com defeito
1092;50889;2023-07-14;1;Atraso na entrega
1093;51023;2023-07-14;2;Produto com defeito
1094;51355;2023-07-14;3;Avaria no transporte
1095;51743;2023-07-14;3;Desistência
1096;48908;2023-07-15;2;Arrependimento
1097;49399;2023-07-15;1;Atraso na entrega
1098;50002;2023-07-15;1;Arrependimento
1099;50582;2023-07-15;2;Arrependimento
1100;51894;2023-07-15;1;Avaria no transporte
1101;52589;2023-07-15;1;Desistência
1102;49393;2023-07-16;1;Avaria no transporte
1103;49978;2023-07-16;1;Avaria no transporte
1104;51296;2023-07-16;1;Arrependimento
1105;51377;2023-07-16;1;Avaria no transporte
1106;51385;2023-07-16;4;Produto errado enviado
1107;51812;2023-07-16;1;Produto com defeito
1108;52365;2023-07-16;1;Produto com defeito
1109;52602;2023-07-16;1;Produto com defeito
1110;51066;2023-07-17;1;Produto errado enviado
1111;51117;2023-07-17;6;Arrependimento
1112;51119;2023-07-17;1;Produto errado enviado
1113;51390;2023-07-17;1;Arrependimento
1114;51605;2023-07-17;1;Arrependimento
1115;52637;2023-07-17;1;Produto com defeito
1116;50608;2023-07-18;2;Arrependimento
1117;51697;2023-07-18;1;Produto com defeito
1118;51725;2023-07-18;2;Desistência
1119;52279;2023-07-18;2;Desistência
1120;52288;2023-07-18;2;Desistência
1121;52699;2023-07-18;1;Produto com defeito
1122;52980;2023-07-18;1;Desistência
1123;53002;2023-07-18;2;Troca por outro produto
1124;51629;2023-07-19;2;Atraso na entrega
1125;51932;2023-07-19;1;Produto com defeito
1126;52181;2023-07-19;1;Produto errado enviado
1127;52374;2023-07-19;1;Desistência
1128;52478;2023-07-19;1;Atraso na entrega
1129;52727;2023-07-19;1;Produto com defeito
1130;53571;2023-07-19;2;Desistência
1131;51547;2023-07-20;1;Arrependimento
1132;51606;2023-07-20;1;Avaria no transporte
1133;52305;2023-07-20;3;Desistência
1134;52464;2023-07-20;2;Produto com defeito
1135;53591;2023-07-20;1;Produto com defeito
1136;50575;2023-07-21;1;Arrependimento
1137;51841;2023-07-21;1;Arrependimento
1138;52455;2023-07-21;1;Avaria no transporte
1139;53422;2023-07-21;3;Avaria no transporte
1140;53776;2023-07-21;2;Desistência
1141;54167;2023-07-21;1;Produto com defeito
1142;51569;2023-07-22;2;Produto com defeito
1143;52138;2023-07-22;4;Arrependimento
1144;53013;2023-07-22;2;Produto com defeito
1145;53093;2023-07-22;1;Arrependimento
1146;53187;2023-07-22;1;Produto errado enviado
1147;53343;2023-07-22;1;Atraso na entrega
1148;53354;2023-07-22;1;Avaria no transporte
1149;53545;2023-07-22;1;Produto vencido/avariado
1150;51071;2023-07-23;3;Produto com defeito
1151;53167;2023-07-23;1;Produto errado enviado
1152;53816;2023-07-23;1;Produto vencido/avariado
1153;51831;2023-07-24;1;Avaria no transporte
1154;52094;2023-07-24;1;Produto com defeito
1155;52927;2023-07-24;2;Avaria no transporte
1156;53094;2023-07-24;1;Avaria no transporte
1157;53117;2023-07-25;1;Produto errado enviado
1158;53144;2023-07-25;1;Arrependimento
1159;55338;2023-07-25;4;Produto com defeito
1160;52735;2023-07-26;1;Produto errado enviado
1161;53407;2023-07-26;2;Atraso na entrega
1162;53637;2023-07-26;1;Arrependimento
1163;53688;2023-07-26;2;Arrependimento
1164;53711;2023-07-26;3;Atraso na entrega
1165;54172;2023-07-26;3;Troca por outro produto
1166;54372;2023-07-26;2;Desistência
1167;54407;2023-07-26;2;Desistência
1168;54817;2023-07-26;1;Produto com defeito
1169;54863;2023-07-26;2;Arrependimento
1170;55009;2023-07-26;1;Troca por outro produto
1171;52426;2023-07-27;1;Produto com defeito
1172;53464;2023-07-27;1;Arrependimento
1173;53630;2023-07-27;1;Produto com defeito
1174;54224;2023-07-27;3;Troca por outro produto
1175;54409;2023-07-27;1;Produto com defeito
1176;54772;2023-07-27;1;Desistência
1177;54965;2023-07-27;2;Produto vencido/avariado
1178;53180;2023-07-28;1;Produto errado enviado
1179;55340;2023-07-28;1;Produto com defeito
1180;53434;2023-07-29;4;Produto com defeito
1181;54824;2023-07-29;1;Produto com defeito
1182;53457;2023-07-30;1;Arrependimento
1183;53969;2023-07-30;1;Atraso na entrega
1184;56114;2023-07-30;1;Troca por outro produto
1185;53939;2023-07-31;1;Arrependimento
1186;53994;2023-07-31;2;Arrependimento
1187;54597;2023-07-31;3;Produto errado enviado
1188;54617;2023-07-31;1;Atraso na entrega
1189;54672;2023-07-31;1;Arrependimento
1190;55452;2023-07-31;1;Avaria no transporte
1191;55647;2023-07-31;1;Arrependimento
1192;55809;2023-07-31;1;Produto vencido/avariado
1193;54330;2023-08-01;1;Arrependimento
1194;54606;2023-08-01;2;Arrependimento
1195;55418;2023-08-01;1;Avaria no transporte
1196;56272;2023-08-01;5;Produto errado enviado
1197;54015;2023-08-02;1;Atraso na entrega
1198;54874;2023-08-02;2;Produto errado enviado
1199;55417;2023-08-02;2;Arrependimento
1200;54051;2023-08-03;1;Arrependimento
1201;56859;2023-08-03;2;Produto com defeito
1202;57085;2023-08-03;1;Produto com defeito
1203;56278;2023-08-04;1;Produto errado enviado
1204;56845;2023-08-04;2;Produto com defeito
1205;54618;2023-08-05;1;Arrependimento
1206;56305;2023-08-05;1;Arrependimento
1207;56609;2023-08-05;1;Arrependimento
1208;56830;2023-08-05;1;Produto com defeito
1209;57377;2023-08-05;1;Avaria no transporte
1210;57704;2023-08-05;1;Arrependimento
1211;58328;2023-08-05;8;Produto vencido/avariado
1212;58405;2023-08-05;4;Desistência
1213;56895;2023-08-06;1;Produto com defeito
1214;57218;2023-08-06;1;Produto vencido/avariado
1215;58393;2023-08-06;1;Desistência
1216;57052;2023-08-07;3;Arrependimento
1217;57202;2023-08-07;1;Produto com defeito
1218;57282;2023-08-07;2;Desistência
1219;58344;2023-08-07;2;Troca por outro produto
1220;55439;2023-08-08;3;Arrependimento
1221;57100;2023-08-08;2;Arrependimento
1222;57432;2023-08-08;2;Produto com defeito
1223;57650;2023-08-08;3;Desistência
1224;57727;2023-08-08;1;Arrependimento
1225;57978;2023-08-08;1;Atraso na entrega
1226;58395;2023-08-08;1;Troca por outro produto
1227;58702;2023-08-08;1;Produto com defeito
1228;57076;2023-08-10;1;Avaria no transporte
1229;58137;2023-08-10;4;Troca por outro produto
1230;58165;2023-08-10;1;Troca por outro produto
1231;58472;2023-08-10;1;Produto errado enviado
1232;58627;2023-08-10;1;Produto vencido/avariado
1233;59119;2023-08-10;1;Troca por outro produto
1234;59433;2023-08-10;1;Produto com defeito
1235;57452;2023-08-11;2;Avaria no transporte
1236;58545;2023-08-11;1;Arrependimento
1237;59785;2023-08-11;1;Desistência
1238;56628;2023-08-12;1;Arrependimento
1239;58221;2023-08-12;1;Produto com defeito
1240;58984;2023-08-12;1;Arrependimento
1241;59095;2023-08-12;1;Desistência
1242;59250;2023-08-12;3;Produto vencido/avariado
1243;59480;2023-08-12;5;Produto com defeito
1244;59759;2023-08-12;3;Desistência
1245;56790;2023-08-13;1;Avaria no transporte
1246;57764;2023-08-13;1;Arrependimento
1247;58932;2023-08-13;1;Produto com defeito
1248;59508;2023-08-13;3;Produto vencido/avariado
1249;59690;2023-08-13;1;Produto vencido/avariado
1250;57083;2023-08-14;2;Arrependimento
1251;57143;2023-08-14;1;Avaria no transporte
1252;58547;2023-08-14;1;Avaria no transporte
1253;59484;2023-08-14;1;Troca por outro produto
1254;60276;2023-08-14;1;Desistência
1255;59442;2023-08-15;1;Produto com defeito
1256;59846;2023-08-15;1;Troca por outro produto
1257;59885;2023-08-15;2;Troca por outro produto
1258;60323;2023-08-15;1;Arrependimento
1259;60377;2023-08-15;1;Produto com defeito
1260;57785;2023-08-16;2;Atraso na entrega
1261;59018;2023-08-16;2;Atraso na entrega
1262;59799;2023-08-16;1;Produto errado enviado
1263;59889;2023-08-16;2;Produto com defeito
1264;60998;2023-08-16;1;Troca por outro produto
1265;59066;2023-08-17;2;Produto errado enviado
1266;59077;2023-08-17;2;Produto com defeito
1267;59930;2023-08-17;1;Produto com defeito
1268;60084;2023-08-17;3;Atraso na entrega
1269;60143;2023-08-17;5;Produto vencido/avariado
1270;58488;2023-08-18;3;Avaria no transporte
1271;58715;2023-08-18;1;Arrependimento
1272;60894;2023-08-18;1;Troca por outro produto
1273;61043;2023-08-18;4;Produto com defeito
1274;61219;2023-08-18;1;Produto com defeito
1275;59539;2023-08-19;1;Avaria no transporte
1276;61096;2023-08-19;1;Arrependimento
1277;61517;2023-08-19;3;Produto vencido/avariado
1278;59646;2023-08-20;1;Produto errado enviado
1279;60027;2023-08-20;1;Arrependimento
1280;60548;2023-08-20;4;Produto com defeito
1281;60919;2023-08-20;2;Troca por outro produto
1282;61048;2023-08-20;1;Produto com defeito
1283;61207;2023-08-20;2;Desistência
1284;59625;2023-08-21;1;Produto errado enviado
1285;60337;2023-08-21;1;Arrependimento
1286;61420;2023-08-21;2;Produto vencido/avariado
1287;61929;2023-08-21;2;Desistência
1288;62123;2023-08-21;1;Produto com defeito
1289;60075;2023-08-22;1;Arrependimento
1290;60312;2023-08-22;1;Produto errado enviado
1291;60507;2023-08-22;1;Avaria no transporte
1292;61907;2023-08-22;2;Avaria no transporte
1293;61962;2023-08-22;9;Troca por outro produto
1294;60057;2023-08-23;1;Arrependimento
1295;61063;2023-08-23;2;Arrependimento
1296;61106;2023-08-23;1;Arrependimento
1297;61546;2023-08-23;1;Produto errado enviado
1298;61657;2023-08-23;4;Arrependimento
1299;62183;2023-08-23;1;Produto com defeito
1300;62220;2023-08-23;2;Arrependimento
1301;62883;2023-08-23;2;Produto com defeito
1302;61061;2023-08-24;2;Produto errado enviado
1303;61062;2023-08-24;3;Avaria no transporte
1304;61109;2023-08-24;5;Avaria no transporte
1305;62436;2023-08-24;1;Troca por outro produto
1306;62817;2023-08-24;1;Produto com defeito
1307;62865;2023-08-24;2;Produto com defeito
1308;62657;2023-08-25;3;Arrependimento
1309;63230;2023-08-25;2;Produto com defeito
1310;60355;2023-08-26;1;Avaria no transporte
1311;61022;2023-08-26;1;Atraso na entrega
1312;62172;2023-08-26;2;Arrependimento
1313;62287;2023-08-26;1;Produto com defeito
1314;62325;2023-08-26;1;Desistência
1315;62671;2023-08-26;3;Atraso na entrega
1316;63083;2023-08-26;3;Desistência
1317;63281;2023-08-26;1;Desistência
1318;63569;2023-08-26;1;Troca por outro produto
1319;63692;2023-08-26;1;Desistência
1320;63922;2023-08-26;1;Troca por outro produto
1321;62146;2023-08-27;1;Arrependimento
1322;62151;2023-08-27;2;Arrependimento
1323;62336;2023-08-27;1;Atraso na entrega
1324;63115;2023-08-27;2;Produto com defeito
1325;63201;2023-08-27;1;Produto com defeito
1326;63482;2023-08-27;8;Desistência
1327;63897;2023-08-27;3;Troca por outro produto
1328;63908;2023-08-27;5;Desistência
1329;61075;2023-08-28;1;Avaria no transporte
1330;61554;2023-08-28;2;Arrependimento
1331;62637;2023-08-28;1;Arrependimento
1332;62656;2023-08-28;2;Atraso na entrega
1333;63185;2023-08-28;1;Produto com defeito
1334;63218;2023-08-28;1;Produto com defeito
1335;63621;2023-08-28;1;Produto com defeito
1336;64167;2023-08-28;2;Produto com defeito
1337;61332;2023-08-30;1;Atraso na entrega
1338;62143;2023-08-30;2;Produto errado enviado
1339;62194;2023-08-30;1;Arrependimento
1340;62895;2023-08-30;1;Produto errado enviado
1341;63212;2023-08-30;3;Desistência
1342;63420;2023-08-30;8;Avaria no transporte
1343;63823;2023-08-30;5;Produto vencido/avariado
1344;64127;2023-08-30;3;Desistência
1345;64234;2023-08-30;1;Avaria no transporte
1346;64286;2023-08-30;1;Produto com defeito
1347;61890;2023-08-31;3;Avaria no transporte
1348;62196;2023-08-31;1;Atraso na entrega
1349;63585;2023-08-31;1;Produto com defeito
1350;63979;2023-08-31;1;Avaria no transporte
1351;64052;2023-08-31;1;Produto com defeito
1352;64148;2023-08-31;2;Produto com defeito
1353;64273;2023-08-31;1;Produto com defeito
1354;64646;2023-08-31;1;Produto com defeito
1355;64802;2023-08-31;1;Troca por outro produto
1356;65139;2023-08-31;1;Troca por outro produto
1357;61903;2023-09-01;3;Avaria no transporte
1358;63194;2023-09-01;5;Avaria no transporte
1359;64915;2023-09-01;2;Troca por outro produto
1360;65532;2023-09-01;1;Desistência
1361;65552;2023-09-01;1;Desistência
1362;63931;2023-09-02;1;Arrependimento
1363;63945;2023-09-02;1;Produto errado enviado
1364;64016;2023-09-02;1;Desistência
1365;65119;2023-09-02;1;Arrependimento
1366;65278;2023-09-02;1;Produto com defeito
1367;63421;2023-09-03;16;Arrependimento
1368;63938;2023-09-03;5;Atraso na entrega
1369;64993;2023-09-03;1;Arrependimento
1370;65351;2023-09-03;1;Produto errado enviado
1371;65420;2023-09-03;1;Arrependimento
1372;65494;2023-09-03;3;Produto com defeito
1373;65557;2023-09-03;2;Produto com defeito
1374;65598;2023-09-03;1;Troca por outro produto
1375;65931;2023-09-03;2;Produto com defeito
1376;62697;2023-09-04;2;Arrependimento
1377;64692;2023-09-04;1;Produto com defeito
1378;64722;2023-09-04;1;Produto errado enviado
1379;65346;2023-09-04;1;Produto errado enviado
1380;65708;2023-09-04;3;Arrependimento
1381;65753;2023-09-04;1;Produto com defeito
1382;65319;2023-09-05;1;Arrependimento
1383;65389;2023-09-05;1;Produto errado enviado
1384;65418;2023-09-05;1;Arrependimento
1385;65766;2023-09-05;1;Produto com defeito
1386;65913;2023-09-05;1;Desistência
1387;63617;2023-09-06;4;Arrependimento
1388;63977;2023-09-06;1;Produto com defeito
1389;64194;2023-09-06;3;Atraso na entrega
1390;64969;2023-09-06;1;Arrependimento
1391;65271;2023-09-06;1;Troca por outro produto
1392;65505;2023-09-06;3;Produto vencido/avariado
1393;65845;2023-09-06;1;Troca por outro produto
1394;65868;2023-09-06;1;Produto vencido/avariado
1395;66179;2023-09-06;1;Avaria no transporte
1396;66577;2023-09-06;1;Troca por outro produto
1397;63588;2023-09-07;1;Produto errado enviado
1398;64529;2023-09-07;2;Atraso na entrega
1399;64970;2023-09-07;1;Arrependimento
1400;64995;2023-09-07;1;Avaria no transporte
1401;65573;2023-09-07;3;Produto com defeito
1402;66539;2023-09-07;2;Desistência
1403;63989;2023-09-08;1;Arrependimento
1404;64454;2023-09-08;1;Arrependimento
1405;64734;2023-09-08;1;Avaria no transporte
1406;65992;2023-09-08;1;Arrependimento
1407;67177;2023-09-08;1;Desistência
1408;64242;2023-09-09;1;Avaria no transporte
1409;66020;2023-09-09;1;Arrependimento
1410;66043;2023-09-09;4;Desistência
1411;66201;2023-09-09;2;Produto errado enviado
1412;66238;2023-09-09;3;Produto com defeito
1413;66945;2023-09-09;1;Atraso na entrega
1414;67191;2023-09-09;1;Produto vencido/avariado
1415;64462;2023-09-10;1;Arrependimento
1416;64473;2023-09-10;1;Produto com defeito
1417;65057;2023-09-10;1;Arrependimento
1418;65958;2023-09-10;3;Arrependimento
1419;66711;2023-09-10;2;Produto com defeito
1420;66757;2023-09-10;1;Produto com defeito
1421;66808;2023-09-10;1;Desistência
1422;64999;2023-09-11;1;Avaria no transporte
1423;65071;2023-09-11;2;Arrependimento
1424;65082;2023-09-11;3;Produto com defeito
1425;66229;2023-09-11;1;Arrependimento
1426;66484;2023-09-11;1;Arrependimento
1427;66822;2023-09-11;7;Produto com defeito
1428;66887;2023-09-11;2;Produto com defeito
1429;67516;2023-09-11;3;Produto errado enviado
1430;67790;2023-09-11;1;Troca por outro produto
1431;64745;2023-09-12;1;Produto errado enviado
1432;65107;2023-09-12;1;Avaria no transporte
1433;65320;2023-09-12;2;Arrependimento
1434;65417;2023-09-12;2;Arrependimento
1435;66427;2023-09-12;1;Produto errado enviado
1436;66852;2023-09-12;1;Troca por outro produto
1437;67714;2023-09-12;1;Produto com defeito
1438;67864;2023-09-12;2;Produto com defeito
1439;68191;2023-09-12;1;Desistência
1440;68205;2023-09-12;2;Troca por outro produto
1441;65996;2023-09-13;1;Produto com defeito
1442;66000;2023-09-13;2;Produto com defeito
1443;66971;2023-09-13;1;Avaria no transporte
1444;67009;2023-09-13;3;Atraso na entrega
1445;67121;2023-09-13;1;Troca por outro produto
1446;67576;2023-09-13;5;Produto errado enviado
1447;67903;2023-09-13;2;Produto errado enviado
1448;67983;2023-09-13;1;Produto com defeito
1449;68493;2023-09-13;1;Desistência
1450;66475;2023-09-14;2;Arrependimento
1451;67710;2023-09-14;2;Desistência
1452;68039;2023-09-14;1;Troca por outro produto
1453;68352;2023-09-14;3;Atraso na entrega
1454;65954;2023-09-15;1;Avaria no transporte
1455;66399;2023-09-15;1;Produto com defeito
1456;67203;2023-09-15;1;Atraso na entrega
1457;67291;2023-09-15;1;Arrependimento
1458;67741;2023-09-15;1;Produto com defeito
1459;68600;2023-09-15;6;Avaria no transporte
1460;68798;2023-09-15;3;Desistência
1461;68949;2023-09-15;2;Produto com defeito
1462;66383;2023-09-16;1;Produto com defeito
1463;66416;2023-09-16;3;Atraso na entrega
1464;67603;2023-09-16;2;Avaria no transporte
1465;68656;2023-09-16;1;Arrependimento
1466;69226;2023-09-16;1;Desistência
1467;66407;2023-09-17;1;Produto com defeito
1468;66417;2023-09-17;4;Produto com defeito
1469;66716;2023-09-17;2;Arrependimento
1470;67002;2023-09-17;1;Produto com defeito
1471;67238;2023-09-17;1;Avaria no transporte
1472;67566;2023-09-17;1;Produto errado enviado
1473;68086;2023-09-17;1;Produto com defeito
1474;66397;2023-09-18;2;Arrependimento
1475;69208;2023-09-18;1;Arrependimento
1476;69252;2023-09-18;1;Produto vencido/avariado
1477;69469;2023-09-18;1;Produto com defeito
1478;69480;2023-09-18;1;Produto com defeito
1479;66719;2023-09-19;2;Atraso na entrega
1480;67266;2023-09-19;2;Atraso na entrega
1481;68330;2023-09-19;2;Arrependimento
1482;69614;2023-09-19;2;Desistência
1483;70070;2023-09-19;3;Desistência
1484;70282;2023-09-19;1;Troca por outro produto
1485;67229;2023-09-20;2;Arrependimento
1486;67543;2023-09-20;1;Produto errado enviado
1487;68619;2023-09-20;1;Produto errado enviado
1488;68653;2023-09-20;1;Arrependimento
1489;68858;2023-09-20;1;Atraso na entrega
1490;69352;2023-09-20;2;Troca por outro produto
1491;69398;2023-09-20;1;Desistência
1492;69696;2023-09-20;1;Avaria no transporte
1493;69710;2023-09-20;1;Avaria no transporte
1494;69839;2023-09-20;2;Troca por outro produto
1495;70294;2023-09-20;1;Troca por outro produto
1496;67610;2023-09-21;1;Arrependimento
1497;68327;2023-09-21;1;Arrependimento
1498;68392;2023-09-21;1;Produto errado enviado
1499;69164;2023-09-21;2;Avaria no transporte
1500;67950;2023-09-22;1;Arrependimento
1501;68371;2023-09-22;2;Produto errado enviado
1502;70017;2023-09-22;1;Atraso na entrega
1503;70501;2023-09-22;1;Atraso na entrega
1504;70682;2023-09-22;2;Produto com defeito
1505;71199;2023-09-22;2;Produto com defeito
1506;69188;2023-09-23;1;Atraso na entrega
1507;70406;2023-09-23;2;Arrependimento
1508;70725;2023-09-23;1;Arrependimento
1509;70792;2023-09-23;1;Troca por outro produto
1510;70803;2023-09-23;2;Produto vencido/avariado
1511;71406;2023-09-23;1;Produto com defeito
1512;68387;2023-09-24;1;Avaria no transporte
1513;68675;2023-09-24;1;Arrependimento
1514;69712;2023-09-24;2;Arrependimento
1515;70169;2023-09-24;2;Arrependimento
1516;70186;2023-09-24;1;Avaria no transporte
1517;70823;2023-09-24;1;Troca por outro produto
1518;71028;2023-09-24;1;Arrependimento
1519;71059;2023-09-24;1;Produto com defeito
1520;71152;2023-09-24;3;Desistência
1521;68636;2023-09-25;1;Arrependimento
1522;68662;2023-09-25;1;Produto com defeito
1523;68684;2023-09-25;1;Arrependimento
1524;68865;2023-09-25;1;Produto errado enviado
1525;69150;2023-09-25;1;Produto errado enviado
1526;69211;2023-09-25;3;Produto errado enviado
1527;69963;2023-09-25;1;Arrependimento
1528;70230;2023-09-25;1;Arrependimento
1529;70534;2023-09-25;1;Produto errado enviado
1530;71872;2023-09-25;1;Produto com defeito
1531;68557;2023-09-26;1;Arrependimento
1532;70477;2023-09-26;15;Produto errado enviado
1533;70512;2023-09-26;1;Arrependimento
1534;71038;2023-09-26;1;Arrependimento
1535;71285;2023-09-26;1;Arrependimento
1536;70218;2023-09-27;1;Atraso na entrega
1537;70505;2023-09-27;2;Produto errado enviado
1538;71801;2023-09-27;1;Avaria no transporte
1539;72048;2023-09-27;1;Produto vencido/avariado
1540;69154;2023-09-28;2;Arrependimento
1541;69743;2023-09-28;2;Avaria no transporte
1542;70245;2023-09-28;2;Arrependimento
1543;69473;2023-09-29;1;Produto errado enviado
1544;69978;2023-09-29;1;Arrependimento
1545;70508;2023-09-29;2;Produto com defeito
1546;71472;2023-09-29;1;Produto com defeito
1547;71992;2023-09-29;1;Troca por outro produto
1548;73147;2023-09-29;1;Troca por outro produto
1549;70235;2023-09-30;5;Avaria no transporte
1550;71593;2023-09-30;1;Atraso na entrega
1551;71840;2023-09-30;1;Atraso na entrega
1552;72069;2023-09-30;1;Produto errado enviado
1553;72440;2023-09-30;3;Produto errado enviado
1554;70199;2023-10-01;3;Arrependimento
1555;70440;2023-10-01;1;Avaria no transporte
1556;70967;2023-10-01;1;Arrependimento
1557;72235;2023-10-01;3;Troca por outro produto
1558;72481;2023-10-01;1;Troca por outro produto
1559;72504;2023-10-01;2;Troca por outro produto
1560;73036;2023-10-01;1;Desistência
1561;73400;2023-10-01;1;Produto com defeito
1562;71043;2023-10-02;1;Arrependimento
1563;71791;2023-10-02;1;Avaria no transporte
1564;72094;2023-10-02;1;Avaria no transporte
1565;73182;2023-10-02;1;Produto vencido/avariado
1566;73768;2023-10-02;1;Produto vencido/avariado
1567;70491;2023-10-03;1;Arrependimento
1568;72172;2023-10-03;5;Arrependimento
1569;73058;2023-10-03;1;Troca por outro produto
1570;73750;2023-10-04;1;Arrependimento
1571;71015;2023-10-05;1;Produto com defeito
1572;71804;2023-10-05;3;Arrependimento
1573;72917;2023-10-05;1;Produto com defeito
1574;73503;2023-10-05;2;Arrependimento
1575;73736;2023-10-05;1;Arrependimento
1576;74651;2023-10-05;1;Produto com defeito
1577;71595;2023-10-06;1;Arrependimento
1578;71833;2023-10-06;2;Produto errado enviado
1579;73746;2023-10-06;2;Arrependimento
1580;75080;2023-10-06;1;Desistência
1581;72156;2023-10-07;1;Produto com defeito
1582;72875;2023-10-07;1;Produto errado enviado
1583;73765;2023-10-07;2;Produto com defeito
1584;73886;2023-10-07;1;Desistência
1585;72110;2023-10-08;2;Produto com defeito
1586;72944;2023-10-08;1;Arrependimento
1587;73951;2023-10-08;2;Produto com defeito
1588;74354;2023-10-08;1;Produto com defeito
1589;75069;2023-10-08;1;Desistência
1590;72602;2023-10-09;2;Arrependimento
1591;74109;2023-10-09;1;Produto com defeito
1592;75008;2023-10-09;1;Troca por outro produto
1593;75145;2023-10-09;1;Atraso na entrega
1594;74903;2023-10-10;1;Atraso na entrega
1595;75600;2023-10-10;1;Desistência
1596;75879;2023-10-10;1;Produto vencido/avariado
1597;73282;2023-10-11;2;Produto errado enviado
1598;73532;2023-10-11;1;Produto com defeito
1599;74553;2023-10-11;1;Avaria no transporte
1600;74585;2023-10-11;3;Avaria no transporte
1601;74876;2023-10-11;1;Arrependimento
1602;75656;2023-10-11;1;Arrependimento
1603;76347;2023-10-11;5;Produto com defeito
1604;72971;2023-10-12;2;Atraso na entrega
1605;72990;2023-10-12;1;Arrependimento
1606;73572;2023-10-12;1;Produto com defeito
1607;76026;2023-10-12;1;Arrependimento
1608;76035;2023-10-12;1;Produto errado enviado
1609;76608;2023-10-12;1;Produto com defeito
1610;74593;2023-10-13;1;Produto com defeito
1611;75215;2023-10-13;1;Produto errado enviado
1612;76124;2023-10-13;1;Troca por outro produto
1613;76197;2023-10-13;1;Produto errado enviado
1614;76964;2023-10-13;1;Desistência
1615;74606;2023-10-14;1;Atraso na entrega
1616;74898;2023-10-14;5;Arrependimento
1617;75608;2023-10-14;1;Produto com defeito
1618;76546;2023-10-14;1;Produto com defeito
1619;76926;2023-10-14;2;Troca por outro produto
1620;74304;2023-10-15;1;Arrependimento
1621;75187;2023-10-15;3;Arrependimento
1622;75788;2023-10-15;1;Produto com defeito
1623;76728;2023-10-15;2;Arrependimento
1624;76814;2023-10-15;1;Produto com defeito
1625;77170;2023-10-15;1;Produto com defeito
1626;74575;2023-10-16;3;Atraso na entrega
1627;76140;2023-10-16;2;Produto com defeito
1628;76268;2023-10-16;1;Produto errado enviado
1629;76638;2023-10-16;1;Produto com defeito
1630;76747;2023-10-16;1;Arrependimento
1631;76896;2023-10-16;1;Troca por outro produto
1632;76957;2023-10-16;2;Desistência
1633;76445;2023-10-17;2;Arrependimento
1634;76710;2023-10-17;2;Arrependimento
1635;77089;2023-10-17;2;Arrependimento
1636;77238;2023-10-17;1;Desistência
1637;78024;2023-10-17;1;Desistência
1638;74847;2023-10-18;1;Produto com defeito
1639;76252;2023-10-18;1;Avaria no transporte
1640;76697;2023-10-18;1;Arrependimento
1641;76911;2023-10-18;1;Desistência
1642;77310;2023-10-18;1;Produto errado enviado
1643;74868;2023-10-19;1;Atraso na entrega
1644;75133;2023-10-19;2;Produto com defeito
1645;76189;2023-10-19;1;Produto com defeito
1646;76717;2023-10-19;1;Avaria no transporte
1647;77026;2023-10-19;2;Arrependimento
1648;77351;2023-10-19;1;Atraso na entrega
1649;77907;2023-10-19;1;Troca por outro produto
1650;77983;2023-10-19;1;Produto com defeito
1651;77762;2023-10-20;1;Produto com defeito
1652;78568;2023-10-20;2;Desistência
1653;77530;2023-10-21;1;Arrependimento
1654;77756;2023-10-21;2;Produto errado enviado
1655;78188;2023-10-21;2;Troca por outro produto
1656;78330;2023-10-21;1;Produto com defeito
1657;78334;2023-10-21;1;Produto vencido/avariado
1658;76508;2023-10-22;1;Arrependimento
1659;77991;2023-10-22;1;Desistência
1660;78127;2023-10-22;5;Produto errado enviado
1661;78282;2023-10-22;1;Desistência
1662;78339;2023-10-22;1;Troca por outro produto
1663;79411;2023-10-22;2;Desistência
1664;77319;2023-10-23;3;Avaria no transporte
1665;77337;2023-10-23;1;Produto com defeito
1666;77500;2023-10-23;1;Atraso na entrega
1667;77519;2023-10-23;2;Avaria no transporte
1668;78010;2023-10-23;3;Desistência
1669;79197;2023-10-23;2;Produto vencido/avariado
1670;79406;2023-10-23;1;Produto com defeito
1671;76519;2023-10-24;1;Produto errado enviado
1672;78914;2023-10-24;1;Arrependimento
1673;79786;2023-10-24;2;Produto com defeito
1674;77373;2023-10-25;1;Produto com defeito
1675;78071;2023-10-25;1;Atraso na entrega
1676;79094;2023-10-25;2;Produto com defeito
1677;79327;2023-10-25;2;Desistência
1678;79487;2023-10-25;1;Produto com defeito
1679;79652;2023-10-25;2;Desistência
1680;80101;2023-10-25;1;Produto vencido/avariado
1681;80186;2023-10-25;1;Troca por outro produto
1682;76769;2023-10-26;2;Arrependimento
1683;77786;2023-10-26;1;Atraso na entrega
1684;78387;2023-10-26;4;Produto com defeito
1685;78391;2023-10-26;2;Arrependimento
1686;79590;2023-10-26;2;Troca por outro produto
1687;79808;2023-10-26;3;Desistência
1688;79851;2023-10-26;2;Produto com defeito
1689;77046;2023-10-27;1;Avaria no transporte
1690;78088;2023-10-27;1;Arrependimento
1691;78144;2023-10-27;5;Avaria no transporte
1692;79044;2023-10-27;1;Produto vencido/avariado
1693;79766;2023-10-27;3;Atraso na entrega
1694;79953;2023-10-27;3;Avaria no transporte
1695;80014;2023-10-27;1;Produto errado enviado
1696;79253;2023-10-28;1;Atraso na entrega
1697;79775;2023-10-28;1;Troca por outro produto
1698;80113;2023-10-28;2;Desistência
1699;77528;2023-10-29;2;Atraso na entrega
1700;78638;2023-10-29;1;Arrependimento
1701;78938;2023-10-29;5;Avaria no transporte
1702;79712;2023-10-29;1;Arrependimento
1703;80390;2023-10-29;3;Produto com defeito
1704;78630;2023-10-30;1;Arrependimento
1705;78655;2023-10-30;1;Produto errado enviado
1706;80245;2023-10-30;2;Produto com defeito
1707;80598;2023-10-30;5;Produto errado enviado
1708;80631;2023-10-30;2;Produto errado enviado
1709;80800;2023-10-30;1;Desistência
1710;80811;2023-10-30;1;Produto com defeito
1711;81483;2023-10-30;1;Desistência
1712;78989;2023-10-31;1;Atraso na entrega
1713;80399;2023-10-31;3;Produto com defeito
1714;80773;2023-10-31;1;Produto com defeito
1715;81178;2023-10-31;1;Arrependimento
1716;81209;2023-10-31;1;Produto com defeito
1717;81414;2023-10-31;1;Produto com defeito
1718;81815;2023-10-31;1;Produto com defeito
1719;79502;2023-11-01;1;Arrependimento
1720;80949;2023-11-01;1;Produto com defeito
1721;80966;2023-11-01;6;Troca por outro produto
1722;81301;2023-11-01;2;Produto com defeito
1723;79274;2023-11-02;1;Arrependimento
1724;80889;2023-11-02;1;Arrependimento
1725;81087;2023-11-02;4;Produto com defeito
1726;81150;2023-11-02;1;Arrependimento
1727;80015;2023-11-03;1;Arrependimento
1728;81818;2023-11-03;3;Produto com defeito
1729;82096;2023-11-03;1;Produto com defeito
1730;80836;2023-11-04;1;Avaria no transporte
1731;81367;2023-11-04;1;Atraso na entrega
1732;82233;2023-11-04;1;Avaria no transporte
1733;82311;2023-11-04;3;Produto vencido/avariado
1734;79507;2023-11-05;2;Atraso na entrega
1735;80268;2023-11-05;1;Avaria no transporte
1736;81351;2023-11-05;2;Produto com defeito
1737;81600;2023-11-05;1;Arrependimento
1738;82449;2023-11-05;2;Atraso na entrega
1739;82616;2023-11-05;1;Produto com defeito
1740;79729;2023-11-06;1;Avaria no transporte
1741;79742;2023-11-06;1;Arrependimento
1742;81872;2023-11-06;1;Produto com defeito
1743;81967;2023-11-06;1;Avaria no transporte
1744;82089;2023-11-06;1;Troca por outro produto
1745;82239;2023-11-06;3;Produto com defeito
1746;82574;2023-11-06;1;Troca por outro produto
1747;82971;2023-11-06;1;Produto com defeito
1748;80303;2023-11-07;1;Produto errado enviado
1749;81124;2023-11-07;1;Arrependimento
1750;82661;2023-11-07;1;Produto com defeito
1751;82751;2023-11-07;1;Produto com defeito
1752;83080;2023-11-07;3;Atraso na entrega
1753;83163;2023-11-07;1;Produto com defeito
1754;80586;2023-11-08;1;Avaria no transporte
1755;82967;2023-11-08;1;Desistência
1756;83149;2023-11-08;1;Troca por outro produto
1757;83209;2023-11-08;1;Produto com defeito
1758;83280;2023-11-08;1;Arrependimento
1759;83849;2023-11-08;1;Produto com defeito
1760;81330;2023-11-09;1;Arrependimento
1761;81614;2023-11-09;2;Arrependimento
1762;82153;2023-11-09;1;Arrependimento
1763;82429;2023-11-09;1;Arrependimento
1764;83299;2023-11-09;1;Atraso na entrega
1765;80872;2023-11-10;1;Produto com defeito
1766;81134;2023-11-10;1;Avaria no transporte
1767;81886;2023-11-10;2;Produto com defeito
1768;82214;2023-11-10;1;Atraso na entrega
1769;82908;2023-11-10;2;Desistência
1770;83736;2023-11-10;4;Desistência
1771;83780;2023-11-10;1;Produto errado enviado
1772;83954;2023-11-10;5;Produto com defeito
1773;81634;2023-11-11;1;Arrependimento
1774;82776;2023-11-11;1;Avaria no transporte
1775;82783;2023-11-11;1;Arrependimento
1776;83217;2023-11-11;1;Produto com defeito
1777;83484;2023-11-11;1;Arrependimento
1778;84148;2023-11-11;1;Produto com defeito
1779;84781;2023-11-11;1;Desistência
1780;84914;2023-11-11;4;Troca por outro produto
1781;81916;2023-11-12;1;Arrependimento
1782;83932;2023-11-12;1;Produto com defeito
1783;83996;2023-11-12;1;Avaria no transporte
1784;84287;2023-11-12;1;Avaria no transporte
1785;85028;2023-11-12;1;Produto com defeito
1786;84878;2023-11-13;1;Troca por outro produto
1787;85051;2023-11-13;2;Produto com defeito
1788;81937;2023-11-14;1;Atraso na entrega
1789;83104;2023-11-14;3;Arrependimento
1790;84388;2023-11-14;3;Desistência
1791;85018;2023-11-14;4;Arrependimento
1792;82240;2023-11-15;2;Arrependimento
1793;82254;2023-11-15;1;Produto errado enviado
1794;82762;2023-11-15;1;Produto com defeito
1795;83993;2023-11-15;1;Avaria no transporte
1796;84398;2023-11-15;1;Troca por outro produto
1797;84463;2023-11-15;2;Produto com defeito
1798;84529;2023-11-15;1;Desistência
1799;84863;2023-11-15;2;Produto vencido/avariado
1800;86057;2023-11-15;1;Produto com defeito
1801;82484;2023-11-16;1;Arrependimento
1802;82779;2023-11-16;1;Produto com defeito
1803;84778;2023-11-16;1;Desistência
1804;84884;2023-11-16;1;Desistência
1805;84099;2023-11-17;1;Atraso na entrega
1806;85314;2023-11-17;1;Desistência
1807;85347;2023-11-17;2;Desistência
1808;86660;2023-11-17;2;Produto vencido/avariado
1809;83801;2023-11-18;2;Produto com defeito
1810;84689;2023-11-18;1;Arrependimento
1811;85125;2023-11-18;2;Produto com defeito
1812;85452;2023-11-18;1;Avaria no transporte
1813;86088;2023-11-18;4;Arrependimento
1814;86159;2023-11-18;1;Avaria no transporte
1815;86621;2023-11-18;2;Produto com defeito
1816;84008;2023-11-19;2;Arrependimento
1817;85693;2023-11-19;1;Produto com defeito
1818;86304;2023-11-19;1;Desistência
1819;83567;2023-11-20;3;Arrependimento
1820;85615;2023-11-20;1;Produto com defeito
1821;85837;2023-11-20;1;Arrependimento
1822;86110;2023-11-20;1;Arrependimento
1823;85511;2023-11-21;2;Arrependimento
1824;87744;2023-11-21;2;Desistência
1825;84359;2023-11-22;1;Arrependimento
1826;84590;2023-11-22;1;Avaria no transporte
1827;85134;2023-11-22;1;Avaria no transporte
1828;86467;2023-11-23;1;Produto errado enviado
1829;86603;2023-11-23;1;Troca por outro produto
1830;87028;2023-11-23;1;Produto errado enviado
1831;87789;2023-11-23;1;Troca por outro produto
1832;87955;2023-11-23;1;Produto vencido/avariado
1833;88197;2023-11-23;1;Desistência
1834;87637;2023-11-24;2;Produto com defeito
1835;87856;2023-11-24;1;Produto errado enviado
1836;84947;2023-11-25;1;Atraso na entrega
1837;85828;2023-11-25;2;Arrependimento
1838;86453;2023-11-25;1;Atraso na entrega
1839;87050;2023-11-25;7;Avaria no transporte
1840;87610;2023-11-25;1;Arrependimento
1841;88051;2023-11-25;1;Desistência
1842;88639;2023-11-25;1;Troca por outro produto
1843;87331;2023-11-26;1;Desistência
1844;89320;2023-11-26;1;Desistência
1845;85446;2023-11-27;1;Arrependimento
1846;85764;2023-11-27;1;Produto errado enviado
1847;88497;2023-11-27;3;Troca por outro produto
1848;90164;2023-11-27;2;Desistência
1849;91178;2023-11-27;1;Desistência
1850;86762;2023-11-28;1;Produto com defeito
1851;87084;2023-11-28;1;Avaria no transporte
1852;87299;2023-11-28;1;Produto errado enviado
1853;87568;2023-11-28;1;Avaria no transporte
1854;88131;2023-11-28;1;Arrependimento
1855;88895;2023-11-28;1;Arrependimento
1856;90001;2023-11-28;1;Produto errado enviado
1857;91073;2023-11-28;1;Produto com defeito
1858;91389;2023-11-28;1;Troca por outro produto
1859;91414;2023-11-28;1;Produto com defeito
1860;86400;2023-11-29;1;Arrependimento
1861;87513;2023-11-29;2;Produto errado enviado
1862;87871;2023-11-29;1;Avaria no transporte
1863;88631;2023-11-29;1;Produto com defeito
1864;89102;2023-11-29;1;Atraso na entrega
1865;89903;2023-11-29;1;Produto errado enviado
1866;90496;2023-11-29;2;Produto errado enviado
1867;90584;2023-11-29;2;Produto errado enviado
1868;90808;2023-11-29;1;Arrependimento
1869;90975;2023-11-29;1;Atraso na entrega
1870;91721;2023-11-29;1;Troca por outro produto
1871;86735;2023-11-30;2;Arrependimento
1872;87062;2023-11-30;4;Avaria no transporte
1873;87527;2023-11-30;1;Produto errado enviado
1874;87906;2023-11-30;1;Arrependimento
1875;88118;2023-11-30;3;Avaria no transporte
1876;88810;2023-11-30;1;Avaria no transporte
1877;89544;2023-11-30;1;Produto errado enviado
1878;89855;2023-11-30;5;Produto errado enviado
1879;90309;2023-11-30;2;Produto com defeito
1880;90882;2023-11-30;1;Produto errado enviado
1881;91053;2023-11-30;1;Produto com defeito
1882;91343;2023-11-30;4;Troca por outro produto
1883;91393;2023-11-30;2;Desistência
1884;92000;2023-11-30;2;Troca por outro produto
1885;86716;2023-12-01;1;Produto com defeito
1886;87080;2023-12-01;1;Avaria no transporte
1887;88864;2023-12-01;1;Atraso na entrega
1888;89107;2023-12-01;1;Arrependimento
1889;89224;2023-12-01;3;Atraso na entrega
1890;90175;2023-12-01;2;Produto com defeito
1891;91274;2023-12-01;1;Produto com defeito
1892;88061;2023-12-02;4;Avaria no transporte
1893;88958;2023-12-02;1;Avaria no transporte
1894;89017;2023-12-02;1;Arrependimento
1895;89781;2023-12-02;3;Atraso na entrega
1896;90091;2023-12-02;1;Avaria no transporte
1897;90156;2023-12-02;2;Produto com defeito
1898;91143;2023-12-02;2;Troca por outro produto
1899;92249;2023-12-02;1;Produto com defeito
1900;87867;2023-12-03;1;Avaria no transporte
1901;88101;2023-12-03;1;Produto com defeito
1902;88348;2023-12-03;1;Produto com defeito
1903;89148;2023-12-03;3;Arrependimento
1904;89667;2023-12-03;2;Avaria no transporte
1905;89815;2023-12-03;7;Arrependimento
1906;89859;2023-12-03;1;Arrependimento
1907;89972;2023-12-03;2;Produto errado enviado
1908;90697;2023-12-03;5;Produto com defeito
1909;91347;2023-12-03;1;Produto com defeito
1910;91458;2023-12-03;2;Produto vencido/avariado
1911;91906;2023-12-03;1;Troca por outro produto
1912;87525;2023-12-04;1;Produto errado enviado
1913;87626;2023-12-04;1;Avaria no transporte
1914;88092;2023-12-04;1;Produto com defeito
1915;88361;2023-12-04;2;Avaria no transporte
1916;88909;2023-12-04;4;Arrependimento
1917;88997;2023-12-04;3;Avaria no transporte
1918;89104;2023-12-04;1;Atraso na entrega
1919;89168;2023-12-04;2;Atraso na entrega
1920;90472;2023-12-04;2;Avaria no transporte
1921;90906;2023-12-04;1;Avaria no transporte
1922;90926;2023-12-04;1;Arrependimento
1923;91435;2023-12-04;3;Produto com defeito
1924;91517;2023-12-04;2;Atraso na entrega
1925;91527;2023-12-04;1;Produto errado enviado
1926;91529;2023-12-04;1;Arrependimento
1927;91787;2023-12-04;1;Avaria no transporte
1928;91889;2023-12-04;1;Produto errado enviado
1929;92395;2023-12-04;1;Arrependimento
1930;87887;2023-12-05;2;Produto com defeito
1931;88344;2023-12-05;2;Produto errado enviado
1932;88845;2023-12-05;1;Avaria no transporte
1933;89223;2023-12-05;1;Produto com defeito
1934;90449;2023-12-05;3;Arrependimento
1935;90838;2023-12-05;1;Produto errado enviado
1936;90886;2023-12-05;2;Avaria no transporte
1937;90991;2023-12-05;2;Avaria no transporte
1938;88773;2023-12-06;2;Arrependimento
1939;88808;2023-12-06;2;Arrependimento
1940;89016;2023-12-06;1;Arrependimento
1941;89928;2023-12-06;4;Arrependimento
1942;90477;2023-12-06;1;Produto com defeito
1943;90500;2023-12-06;2;Atraso na entrega
1944;90701;2023-12-06;2;Avaria no transporte
1945;90727;2023-12-06;1;Produto com defeito
1946;90750;2023-12-06;2;Produto com defeito
1947;91292;2023-12-06;1;Produto errado enviado
1948;91324;2023-12-06;2;Avaria no transporte
1949;92391;2023-12-06;2;Arrependimento
1950;92475;2023-12-06;2;Arrependimento
1951;89080;2023-12-07;2;Arrependimento
1952;89695;2023-12-07;3;Arrependimento
1953;89927;2023-12-07;1;Arrependimento
1954;89968;2023-12-07;1;Produto errado enviado
1955;90619;2023-12-07;3;Avaria no transporte
1956;90912;2023-12-07;3;Arrependimento
1957;90979;2023-12-07;1;Arrependimento
1958;91808;2023-12-07;1;Arrependimento
1959;88776;2023-12-08;1;Produto errado enviado
1960;89098;2023-12-08;1;Produto errado enviado
1961;90015;2023-12-08;1;Produto errado enviado
1962;90131;2023-12-08;1;Produto errado enviado
1963;90467;2023-12-08;1;Avaria no transporte
1964;90985;2023-12-08;2;Avaria no transporte
1965;91512;2023-12-08;1;Produto errado enviado
1966;92465;2023-12-08;1;Produto errado enviado
1967;92853;2023-12-08;1;Produto com defeito
1968;92861;2023-12-08;2;Desistência
1969;92878;2023-12-08;2;Produto com defeito
1970;93365;2023-12-08;2;Arrependimento
1971;93443;2023-12-08;4;Desistência
1972;93855;2023-12-08;2;Produto com defeito
1973;94248;2023-12-08;1;Produto vencido/avariado
1974;89743;2023-12-09;1;Arrependimento
1975;89921;2023-12-09;2;Avaria no transporte
1976;89977;2023-12-09;1;Atraso na entrega
1977;90532;2023-12-09;1;Produto com defeito
1978;90832;2023-12-09;2;Arrependimento
1979;91257;2023-12-09;2;Avaria no transporte
1980;91534;2023-12-09;2;Produto errado enviado
1981;92157;2023-12-09;3;Atraso na entrega
1982;92344;2023-12-09;1;Produto errado enviado
1983;92405;2023-12-09;1;Atraso na entrega
1984;92821;2023-12-09;1;Arrependimento
1985;93136;2023-12-09;1;Produto com defeito
1986;93235;2023-12-09;1;Troca por outro produto
1987;93440;2023-12-09;2;Desistência
1988;94101;2023-12-09;3;Avaria no transporte
1989;94551;2023-12-09;4;Desistência
1990;90757;2023-12-10;1;Arrependimento
1991;91514;2023-12-10;1;Arrependimento
1992;92407;2023-12-10;4;Avaria no transporte
1993;93723;2023-12-10;2;Arrependimento
1994;93777;2023-12-10;5;Produto com defeito
1995;91313;2023-12-11;2;Atraso na entrega
1996;91572;2023-12-11;2;Produto com defeito
1997;91853;2023-12-11;2;Produto errado enviado
1998;92978;2023-12-11;1;Arrependimento
1999;93321;2023-12-11;1;Produto errado enviado
2000;93727;2023-12-11;1;Arrependimento
2001;93792;2023-12-11;5;Troca por outro produto
2002;94102;2023-12-11;2;Produto errado enviado
2003;94210;2023-12-11;2;Desistência
2004;94445;2023-12-11;5;Troca por outro produto
2005;94680;2023-12-11;1;Produto errado enviado
2006;94778;2023-12-11;2;Troca por outro produto
2007;93006;2023-12-12;1;Avaria no transporte
2008;93341;2023-12-12;1;Produto errado enviado
2009;94722;2023-12-12;1;Avaria no transporte
2010;91868;2023-12-13;4;Avaria no transporte
2011;92372;2023-12-13;3;Atraso na entrega
2012;94003;2023-12-13;1;Produto com defeito
2013;95286;2023-12-13;1;Avaria no transporte
2014;95509;2023-12-13;1;Troca por outro produto
2015;92795;2023-12-14;1;Produto com defeito
2016;93346;2023-12-14;1;Avaria no transporte
2017;95531;2023-12-14;1;Desistência
2018;95578;2023-12-14;1;Produto com defeito
2019;94320;2023-12-15;2;Arrependimento
2020;94818;2023-12-15;2;Produto com defeito
2021;95261;2023-12-15;1;Troca por outro produto
2022;95660;2023-12-15;1;Produto vencido/avariado
2023;96390;2023-12-15;1;Troca por outro produto
2024;93073;2023-12-16;3;Arrependimento
2025;93410;2023-12-16;3;Avaria no transporte
2026;94071;2023-12-16;1;Arrependimento
2027;94641;2023-12-16;1;Atraso na entrega
2028;95079;2023-12-16;2;Atraso na entrega
2029;95637;2023-12-16;1;Arrependimento
2030;92972;2023-12-17;1;Produto errado enviado
2031;94372;2023-12-17;1;Atraso na entrega
2032;95420;2023-12-17;1;Produto com defeito
2033;95596;2023-12-17;3;Arrependimento
2034;95820;2023-12-17;1;Produto com defeito
2035;95978;2023-12-17;1;Desistência
2036;96740;2023-12-17;1;Troca por outro produto
2037;97393;2023-12-17;2;Desistência
2038;97420;2023-12-17;3;Troca por outro produto
2039;93612;2023-12-18;1;Atraso na entrega
2040;94040;2023-12-18;1;Arrependimento
2041;94632;2023-12-18;1;Produto com defeito
2042;95051;2023-12-18;1;Arrependimento
2043;95309;2023-12-18;2;Produto com defeito
2044;96636;2023-12-18;2;Desistência
2045;96693;2023-12-18;1;Produto vencido/avariado
2046;96972;2023-12-18;4;Desistência
2047;93637;2023-12-19;3;Arrependimento
2048;94011;2023-12-19;1;Produto com defeito
2049;95067;2023-12-19;1;Atraso na entrega
2050;95632;2023-12-19;1;Produto errado enviado
2051;95946;2023-12-19;1;Produto errado enviado
2052;96272;2023-12-19;2;Arrependimento
2053;93989;2023-12-20;4;Arrependimento
2054;94323;2023-12-20;1;Arrependimento
2055;95134;2023-12-20;2;Produto com defeito
2056;95621;2023-12-20;3;Arrependimento
2057;95939;2023-12-20;1;Arrependimento
2058;96439;2023-12-20;2;Produto com defeito
2059;96494;2023-12-20;1;Produto com defeito
2060;97088;2023-12-20;2;Produto com defeito
2061;97381;2023-12-20;1;Produto com defeito
2062;97414;2023-12-20;1;Produto com defeito
2063;97920;2023-12-20;1;Desistência
2064;98235;2023-12-20;1;Produto com defeito
2065;98286;2023-12-20;1;Desistência
2066;94326;2023-12-21;1;Arrependimento
2067;95346;2023-12-21;1;Atraso na entrega
2068;95917;2023-12-21;1;Avaria no transporte
2069;96876;2023-12-21;3;Avaria no transporte
2070;96967;2023-12-21;2;Troca por outro produto
2071;97392;2023-12-21;1;Troca por outro produto
2072;97762;2023-12-21;1;Produto errado enviado
2073;96934;2023-12-22;1;Produto errado enviado
2074;98979;2023-12-22;6;Produto com defeito
2075;99039;2023-12-22;2;Desistência
2076;95827;2023-12-23;1;Avaria no transporte
2077;95952;2023-12-23;1;Arrependimento
2078;96232;2023-12-23;1;Produto com defeito
2079;97253;2023-12-23;1;Produto errado enviado
2080;97856;2023-12-23;1;Atraso na entrega
2081;98098;2023-12-23;1;Produto com defeito
2082;95957;2023-12-24;1;Avaria no transporte
2083;95972;2023-12-24;1;Arrependimento
2084;96206;2023-12-24;1;Arrependimento
2085;96538;2023-12-24;2;Atraso na entrega
2086;97640;2023-12-24;1;Produto com defeito
2087;97740;2023-12-24;1;Produto com defeito
2088;98281;2023-12-24;1;Produto vencido/avariado
2089;98821;2023-12-24;1;Arrependimento
2090;98902;2023-12-24;2;Desistência
2091;99541;2023-12-24;1;Troca por outro produto
2092;95879;2023-12-25;1;Atraso na entrega
2093;95903;2023-12-25;1;Atraso na entrega
2094;96246;2023-12-25;1;Arrependimento
2095;97789;2023-12-25;1;Atraso na entrega
2096;97867;2023-12-25;4;Produto errado enviado
2097;97914;2023-12-25;1;Troca por outro produto
2098;97969;2023-12-25;1;Troca por outro produto
2099;98390;2023-12-25;4;Produto com defeito
2100;98734;2023-12-25;1;Arrependimento
2101;96517;2023-12-26;1;Produto com defeito
2102;97179;2023-12-26;2;Arrependimento
2103;97758;2023-12-26;1;Produto com defeito
2104;97801;2023-12-26;1;Arrependimento
2105;98133;2023-12-26;1;Atraso na entrega
2106;98266;2023-12-26;1;Produto com defeito
2107;98765;2023-12-26;1;Produto errado enviado
2108;99445;2023-12-26;1;Avaria no transporte
2109;96183;2023-12-27;4;Avaria no transporte
2110;96944;2023-12-27;1;Produto errado enviado
2111;97258;2023-12-27;1;Produto errado enviado
2112;98826;2023-12-27;1;Produto errado enviado
2113;100517;2023-12-27;1;Produto com defeito
2114;96853;2023-12-28;1;Arrependimento
2115;96859;2023-12-28;1;Avaria no transporte
2116;97193;2023-12-28;7;Produto com defeito
2117;99715;2023-12-28;2;Arrependimento
2118;100127;2023-12-28;1;Arrependimento
2119;98523;2023-12-29;1;Atraso na entrega
2120;98747;2023-12-29;2;Arrependimento
2121;98799;2023-12-29;2;Avaria no transporte
2122;99438;2023-12-29;1;Arrependimento
2123;100170;2023-12-29;2;Produto com defeito
2124;100435;2023-12-29;1;Arrependimento
2125;100565;2023-12-29;1;Produto com defeito
2126;100726;2023-12-29;2;Produto vencido/avariado
2127;97458;2023-12-30;1;Arrependimento
2128;97544;2023-12-30;1;Arrependimento
2129;98126;2023-12-30;1;Arrependimento
2130;100005;2023-12-30;1;Produto com defeito
2131;100068;2023-12-30;1;Arrependimento
2132;100442;2023-12-30;1;Produto com defeito
2133;101065;2023-12-30;1;Desistência
2134;98445;2023-12-31;4;Arrependimento
2135;99881;2023-12-31;2;Desistência
2136;100347;2023-12-31;1;Produto vencido/avariado
2137;100349;2023-12-31;1;Produto com defeito
2138;100411;2023-12-31;3;Avaria no transporte
2139;100681;2023-12-31;1;Desistência
2140;101902;2023-12-31;1;Produto com defeito
2141;98759;2024-01-01;2;Arrependimento
2142;99136;2024-01-01;1;Produto errado enviado
2143;100380;2024-01-01;1;Atraso na entrega
2144;100682;2024-01-01;1;Troca por outro produto
2145;100801;2024-01-01;1;Produto com defeito
2146;100839;2024-01-01;1;Arrependimento
2147;101427;2024-01-01;4;Produto com defeito
2148;101436;2024-01-01;2;Produto com defeito
2149;101599;2024-01-01;1;Desistência
2150;101610;2024-01-01;3;Troca por outro produto
2151;100024;2024-01-02;1;Produto com defeito
2152;100035;2024-01-02;1;Produto errado enviado
2153;100389;2024-01-02;1;Arrependimento
2154;100856;2024-01-02;2;Produto com defeito
2155;102292;2024-01-02;1;Troca por outro produto
2156;98787;2024-01-03;1;Avaria no transporte
2157;99435;2024-01-03;1;Atraso na entrega
2158;99484;2024-01-03;1;Arrependimento
2159;99519;2024-01-03;2;Produto com defeito
2160;100749;2024-01-03;2;Produto errado enviado
2161;100914;2024-01-03;2;Produto com defeito
2162;101550;2024-01-03;1;Produto errado enviado
2163;101690;2024-01-03;1;Produto com defeito
2164;101974;2024-01-03;2;Produto errado enviado
2165;99195;2024-01-04;1;Atraso na entrega
2166;102065;2024-01-04;1;Produto com defeito
2167;102519;2024-01-04;4;Desistência
2168;102538;2024-01-04;2;Produto com defeito
2169;100829;2024-01-05;1;Atraso na entrega
2170;101089;2024-01-05;1;Atraso na entrega
2171;101483;2024-01-05;1;Produto com defeito
2172;101991;2024-01-05;1;Produto errado enviado
2173;102037;2024-01-05;2;Produto com defeito
2174;102084;2024-01-05;2;Troca por outro produto
2175;102184;2024-01-05;1;Arrependimento
2176;102418;2024-01-05;2;Atraso na entrega
2177;102424;2024-01-05;1;Arrependimento
2178;100119;2024-01-06;1;Arrependimento
2179;100449;2024-01-06;1;Arrependimento
2180;100450;2024-01-06;1;Avaria no transporte
2181;100762;2024-01-06;1;Arrependimento
2182;102608;2024-01-06;1;Produto vencido/avariado
2183;102742;2024-01-06;7;Arrependimento
2184;103343;2024-01-06;1;Troca por outro produto
2185;100102;2024-01-07;1;Arrependimento
2186;101126;2024-01-07;1;Arrependimento
2187;101128;2024-01-07;1;Arrependimento
2188;102380;2024-01-07;1;Produto com defeito
2189;102839;2024-01-07;2;Produto vencido/avariado
2190;102903;2024-01-07;1;Produto com defeito
2191;102943;2024-01-07;1;Produto errado enviado
2192;103692;2024-01-07;6;Produto com defeito
2193;103999;2024-01-07;1;Produto vencido/avariado
2194;101149;2024-01-08;2;Arrependimento
2195;102484;2024-01-08;1;Arrependimento
2196;102609;2024-01-08;1;Produto com defeito
2197;101477;2024-01-09;1;Avaria no transporte
2198;103000;2024-01-09;2;Produto com defeito
2199;103273;2024-01-09;2;Arrependimento
2200;104422;2024-01-09;1;Desistência
2201;104434;2024-01-09;2;Desistência
2202;100836;2024-01-10;2;Arrependimento
2203;101160;2024-01-10;1;Arrependimento
2204;103300;2024-01-10;2;Produto com defeito
2205;104165;2024-01-10;1;Troca por outro produto
2206;104806;2024-01-10;3;Produto com defeito
2207;101162;2024-01-11;1;Arrependimento
2208;102155;2024-01-11;5;Arrependimento
2209;103709;2024-01-11;1;Desistência
2210;104729;2024-01-11;1;Troca por outro produto
2211;102429;2024-01-12;1;Arrependimento
2212;102946;2024-01-12;1;Arrependimento
2213;103011;2024-01-12;1;Avaria no transporte
2214;103726;2024-01-12;2;Troca por outro produto
2215;103974;2024-01-12;3;Troca por outro produto
2216;105358;2024-01-12;1;Produto com defeito
2217;102220;2024-01-13;1;Arrependimento
2218;102431;2024-01-13;1;Arrependimento
2219;104780;2024-01-13;3;Produto com defeito
2220;104893;2024-01-13;2;Avaria no transporte
2221;102416;2024-01-14;1;Produto errado enviado
2222;102641;2024-01-14;1;Arrependimento
2223;102692;2024-01-14;1;Produto com defeito
2224;103234;2024-01-14;4;Produto errado enviado
2225;104835;2024-01-14;3;Arrependimento
2226;105343;2024-01-14;1;Produto vencido/avariado
2227;105786;2024-01-14;1;Desistência
2228;102405;2024-01-15;1;Arrependimento
2229;104696;2024-01-15;1;Produto vencido/avariado
2230;105100;2024-01-15;1;Arrependimento
2231;105576;2024-01-15;1;Troca por outro produto
2232;106040;2024-01-15;1;Troca por outro produto
2233;106109;2024-01-15;1;Produto com defeito
2234;102947;2024-01-16;1;Avaria no transporte
2235;104385;2024-01-16;1;Arrependimento
2236;105071;2024-01-16;2;Produto com defeito
2237;105433;2024-01-16;1;Arrependimento
2238;105533;2024-01-16;1;Produto com defeito
2239;105828;2024-01-16;1;Troca por outro produto
2240;103310;2024-01-17;1;Arrependimento
2241;103522;2024-01-17;2;Atraso na entrega
2242;104106;2024-01-17;1;Arrependimento
2243;105378;2024-01-17;1;Produto errado enviado
2244;105442;2024-01-17;1;Arrependimento
2245;106086;2024-01-17;1;Troca por outro produto
2246;104063;2024-01-18;1;Atraso na entrega
2247;104286;2024-01-18;1;Produto com defeito
2248;104373;2024-01-18;5;Avaria no transporte
2249;106125;2024-01-18;1;Produto com defeito
2250;106195;2024-01-18;2;Arrependimento
2251;106215;2024-01-18;1;Produto com defeito
2252;104326;2024-01-19;1;Atraso na entrega
2253;105897;2024-01-19;1;Produto errado enviado
2254;105924;2024-01-19;2;Avaria no transporte
2255;106348;2024-01-19;1;Desistência
2256;106412;2024-01-19;1;Troca por outro produto
2257;104258;2024-01-20;1;Arrependimento
2258;105164;2024-01-20;1;Arrependimento
2259;105825;2024-01-20;1;Desistência
2260;105901;2024-01-20;1;Atraso na entrega
2261;106104;2024-01-20;1;Produto com defeito
2262;106167;2024-01-20;1;Avaria no transporte
2263;106251;2024-01-20;1;Arrependimento
2264;107492;2024-01-20;3;Desistência
2265;107505;2024-01-20;3;Desistência
2266;104322;2024-01-21;3;Produto errado enviado
2267;105899;2024-01-21;1;Produto errado enviado
2268;105942;2024-01-21;2;Arrependimento
2269;105973;2024-01-21;1;Troca por outro produto
2270;106052;2024-01-21;2;Produto com defeito
2271;106199;2024-01-21;1;Atraso na entrega
2272;106459;2024-01-21;1;Arrependimento
2273;106494;2024-01-21;1;Avaria no transporte
2274;106733;2024-01-21;1;Avaria no transporte
2275;107267;2024-01-21;1;Produto com defeito
2276;107590;2024-01-21;2;Desistência
2277;107693;2024-01-21;4;Desistência
2278;104905;2024-01-22;2;Produto com defeito
2279;105732;2024-01-22;1;Produto errado enviado
2280;105773;2024-01-22;3;Produto errado enviado
2281;106254;2024-01-22;2;Atraso na entrega
2282;106266;2024-01-22;1;Arrependimento
2283;105390;2024-01-23;1;Arrependimento
2284;106462;2024-01-23;2;Arrependimento
2285;107145;2024-01-23;1;Troca por outro produto
2286;105392;2024-01-24;5;Atraso na entrega
2287;106288;2024-01-24;1;Arrependimento
2288;107062;2024-01-24;1;Produto com defeito
2289;107141;2024-01-24;2;Desistência
2290;107296;2024-01-24;1;Produto com defeito
2291;107817;2024-01-24;1;Arrependimento
2292;108000;2024-01-24;1;Produto com defeito
2293;105162;2024-01-25;3;Arrependimento
2294;107611;2024-01-25;1;Arrependimento
2295;105711;2024-01-26;2;Avaria no transporte
2296;106520;2024-01-26;10;Produto errado enviado
2297;107282;2024-01-26;1;Arrependimento
2298;107305;2024-01-26;1;Avaria no transporte
2299;108289;2024-01-26;2;Produto com defeito
2300;108773;2024-01-26;1;Produto com defeito
2301;106221;2024-01-27;2;Avaria no transporte
2302;106977;2024-01-27;2;Produto com defeito
2303;108348;2024-01-27;1;Avaria no transporte
2304;108400;2024-01-27;2;Atraso na entrega
2305;107311;2024-01-28;3;Arrependimento
2306;108259;2024-01-28;1;Produto com defeito
2307;108854;2024-01-28;1;Troca por outro produto
2308;108934;2024-01-28;1;Arrependimento
2309;108993;2024-01-28;1;Produto com defeito
2310;109716;2024-01-28;1;Produto vencido/avariado
2311;106721;2024-01-29;2;Arrependimento
2312;108335;2024-01-29;2;Arrependimento
2313;108426;2024-01-29;4;Avaria no transporte
2314;108507;2024-01-29;1;Produto com defeito
2315;108852;2024-01-29;3;Produto com defeito
2316;109484;2024-01-29;1;Troca por outro produto
2317;109695;2024-01-29;1;Produto com defeito
2318;106706;2024-01-30;2;Produto com defeito
2319;107023;2024-01-30;3;Arrependimento
2320;107325;2024-01-30;2;Arrependimento
2321;108042;2024-01-30;1;Atraso na entrega
2322;108518;2024-01-30;1;Produto com defeito
2323;108624;2024-01-30;1;Produto com defeito
2324;108886;2024-01-30;3;Produto com defeito
2325;109950;2024-01-30;1;Produto com defeito
2326;106984;2024-01-31;1;Arrependimento
2327;107285;2024-01-31;1;Avaria no transporte
2328;108353;2024-01-31;2;Arrependimento
2329;109063;2024-01-31;2;Produto com defeito
2330;109067;2024-01-31;1;Arrependimento
2331;109318;2024-01-31;1;Produto vencido/avariado
2332;109632;2024-01-31;1;Avaria no transporte
2333;109906;2024-01-31;4;Arrependimento
2334;110074;2024-01-31;5;Produto com defeito
2335;107283;2024-02-01;1;Avaria no transporte
2336;108369;2024-02-01;2;Arrependimento
2337;109900;2024-02-01;1;Arrependimento
2338;109931;2024-02-01;6;Produto com defeito
2339;110626;2024-02-01;2;Troca por outro produto
2340;107683;2024-02-02;1;Arrependimento
2341;107816;2024-02-02;1;Atraso na entrega
2342;109268;2024-02-02;1;Arrependimento
2343;110823;2024-02-02;1;Troca por outro produto
2344;108053;2024-02-03;1;Avaria no transporte
2345;108677;2024-02-03;1;Produto errado enviado
2346;109064;2024-02-03;6;Produto errado enviado
2347;109748;2024-02-03;1;Produto com defeito
2348;109908;2024-02-03;1;Arrependimento
2349;108127;2024-02-04;1;Avaria no transporte
2350;108685;2024-02-04;3;Avaria no transporte
2351;109036;2024-02-04;1;Arrependimento
2352;110387;2024-02-04;2;Arrependimento
2353;111190;2024-02-04;1;Desistência
2354;111379;2024-02-04;16;Desistência
2355;108323;2024-02-05;1;Arrependimento
2356;109027;2024-02-05;1;Arrependimento
2357;109640;2024-02-05;2;Atraso na entrega
2358;110364;2024-02-05;1;Troca por outro produto
2359;111639;2024-02-05;4;Desistência
2360;111972;2024-02-05;1;Produto com defeito
2361;108329;2024-02-06;2;Produto com defeito
2362;108626;2024-02-06;1;Arrependimento
2363;108631;2024-02-06;2;Avaria no transporte
2364;108998;2024-02-06;3;Arrependimento
2365;109009;2024-02-06;1;Arrependimento
2366;110439;2024-02-06;1;Avaria no transporte
2367;110475;2024-02-06;1;Atraso na entrega
2368;111327;2024-02-06;1;Troca por outro produto
2369;111414;2024-02-06;2;Troca por outro produto
2370;111664;2024-02-07;2;Desistência
2371;111720;2024-02-07;1;Produto com defeito
2372;111975;2024-02-07;1;Troca por outro produto
2373;109290;2024-02-08;12;Produto com defeito
2374;109827;2024-02-08;1;Produto com defeito
2375;109842;2024-02-08;3;Produto com defeito
2376;110199;2024-02-08;1;Avaria no transporte
2377;110991;2024-02-09;1;Arrependimento
2378;111560;2024-02-09;1;Produto com defeito
2379;112044;2024-02-09;1;Avaria no transporte
2380;112479;2024-02-09;1;Produto com defeito
2381;110433;2024-02-10;1;Atraso na entrega
2382;109879;2024-02-11;1;Produto errado enviado
2383;110134;2024-02-11;1;Arrependimento
2384;111016;2024-02-11;1;Produto com defeito
2385;111518;2024-02-11;3;Arrependimento
2386;110413;2024-02-12;1;Arrependimento
2387;110965;2024-02-12;1;Arrependimento
2388;111220;2024-02-12;1;Avaria no transporte
2389;111241;2024-02-12;1;Produto errado enviado
2390;111801;2024-02-12;2;Atraso na entrega
2391;112010;2024-02-12;1;Arrependimento
2392;112065;2024-02-12;1;Atraso na entrega
2393;112107;2024-02-12;1;Arrependimento
2394;112800;2024-02-12;1;Arrependimento
2395;112988;2024-02-12;1;Troca por outro produto
2396;110412;2024-02-13;1;Arrependimento
2397;111546;2024-02-13;1;Arrependimento
2398;112547;2024-02-13;3;Desistência
2399;112620;2024-02-13;1;Produto com defeito
2400;112738;2024-02-13;2;Desistência
2401;113077;2024-02-13;1;Arrependimento
2402;110948;2024-02-14;1;Arrependimento
2403;112090;2024-02-14;1;Produto errado enviado
2404;112880;2024-02-14;1;Produto com defeito
2405;113192;2024-02-14;1;Produto com defeito
2406;113516;2024-02-14;1;Produto com defeito
2407;111577;2024-02-15;1;Produto com defeito
2408;112564;2024-02-15;2;Arrependimento
2409;113129;2024-02-15;2;Produto errado enviado
2410;113141;2024-02-15;1;Produto com defeito
2411;113867;2024-02-15;12;Produto errado enviado
2412;111520;2024-02-16;1;Produto com defeito
2413;112580;2024-02-16;3;Arrependimento
2414;113378;2024-02-16;1;Atraso na entrega
2415;114323;2024-02-16;1;Produto vencido/avariado
2416;114941;2024-02-16;1;Produto vencido/avariado
2417;111762;2024-02-17;1;Produto errado enviado
2418;112791;2024-02-17;1;Avaria no transporte
2419;113028;2024-02-17;3;Atraso na entrega
2420;113682;2024-02-17;1;Desistência
2421;114108;2024-02-17;1;Arrependimento
2422;114179;2024-02-17;1;Arrependimento
2423;113659;2024-02-18;1;Desistência
2424;114112;2024-02-18;1;Arrependimento
2425;114462;2024-02-18;1;Produto com defeito
2426;114550;2024-02-18;1;Troca por outro produto
2427;114683;2024-02-18;1;Arrependimento
2428;112089;2024-02-19;1;Avaria no transporte
2429;112572;2024-02-19;1;Produto com defeito
2430;113038;2024-02-19;1;Arrependimento
2431;113053;2024-02-19;1;Arrependimento
2432;113109;2024-02-19;1;Arrependimento
2433;113882;2024-02-19;1;Arrependimento
2434;113906;2024-02-19;3;Produto com defeito
2435;115315;2024-02-19;3;Desistência
2436;112652;2024-02-20;1;Arrependimento
2437;114212;2024-02-20;6;Desistência
2438;114340;2024-02-20;1;Arrependimento
2439;115264;2024-02-20;1;Atraso na entrega
2440;112790;2024-02-21;1;Produto com defeito
2441;113384;2024-02-21;1;Arrependimento
2442;113390;2024-02-21;1;Produto errado enviado
2443;113587;2024-02-21;1;Produto com defeito
2444;114145;2024-02-21;1;Produto errado enviado
2445;115857;2024-02-21;2;Produto com defeito
2446;115017;2024-02-22;1;Produto com defeito
2447;115370;2024-02-22;1;Troca por outro produto
2448;113616;2024-02-23;3;Atraso na entrega
2449;113829;2024-02-23;2;Produto com defeito
2450;114972;2024-02-23;1;Produto errado enviado
2451;115216;2024-02-23;1;Produto com defeito
2452;115461;2024-02-23;1;Produto com defeito
2453;116056;2024-02-23;4;Avaria no transporte
2454;116349;2024-02-23;7;Desistência
2455;116463;2024-02-23;1;Produto com defeito
2456;115422;2024-02-24;1;Avaria no transporte
2457;115574;2024-02-24;1;Produto vencido/avariado
2458;116956;2024-02-24;2;Desistência
2459;113820;2024-02-25;2;Arrependimento
2460;114971;2024-02-25;1;Avaria no transporte
2461;116013;2024-02-25;2;Atraso na entrega
2462;116335;2024-02-25;1;Troca por outro produto
2463;116555;2024-02-25;1;Atraso na entrega
2464;114398;2024-02-26;1;Arrependimento
2465;114682;2024-02-26;1;Avaria no transporte
2466;114968;2024-02-26;1;Arrependimento
2467;116819;2024-02-26;1;Arrependimento
2468;116119;2024-02-27;2;Troca por outro produto
2469;116197;2024-02-27;1;Produto com defeito
2470;116589;2024-02-27;4;Produto com defeito
2471;114425;2024-02-28;4;Produto com defeito
2472;116764;2024-02-28;1;Atraso na entrega
2473;117457;2024-02-28;3;Produto vencido/avariado
2474;117847;2024-02-28;5;Produto vencido/avariado
2475;115514;2024-02-29;1;Produto errado enviado
2476;115742;2024-02-29;16;Arrependimento
2477;117094;2024-02-29;1;Arrependimento
2478;117371;2024-02-29;3;Arrependimento
2479;117709;2024-02-29;1;Produto com defeito
2480;118128;2024-02-29;1;Troca por outro produto
2481;116050;2024-03-01;1;Produto errado enviado
2482;116244;2024-03-01;1;Arrependimento
2483;116829;2024-03-01;1;Produto errado enviado
2484;118391;2024-03-01;5;Troca por outro produto
2485;118537;2024-03-01;2;Troca por outro produto
2486;116778;2024-03-02;1;Avaria no transporte
2487;116876;2024-03-02;1;Atraso na entrega
2488;117112;2024-03-02;1;Arrependimento
2489;117402;2024-03-02;3;Desistência
2490;118003;2024-03-02;2;Troca por outro produto
2491;118144;2024-03-02;1;Produto com defeito
2492;118198;2024-03-02;1;Atraso na entrega
2493;116043;2024-03-03;1;Avaria no transporte
2494;116309;2024-03-03;1;Arrependimento
2495;116508;2024-03-03;1;Arrependimento
2496;116785;2024-03-03;1;Avaria no transporte
2497;117567;2024-03-03;1;Produto com defeito
2498;117623;2024-03-03;2;Atraso na entrega
2499;117731;2024-03-03;3;Desistência
2500;118244;2024-03-03;1;Produto errado enviado
2501;118408;2024-03-03;2;Desistência
2502;117298;2024-03-04;1;Atraso na entrega
2503;118207;2024-03-04;1;Produto errado enviado
2504;118318;2024-03-04;1;Desistência
2505;118452;2024-03-04;1;Arrependimento
2506;118841;2024-03-04;2;Produto vencido/avariado
2507;116017;2024-03-05;1;Produto com defeito
2508;117621;2024-03-05;1;Produto errado enviado
2509;117993;2024-03-05;2;Desistência
2510;118107;2024-03-05;1;Produto com defeito
2511;118184;2024-03-05;1;Arrependimento
2512;118858;2024-03-05;1;Troca por outro produto
2513;118968;2024-03-05;1;Atraso na entrega
2514;116277;2024-03-06;3;Produto errado enviado
2515;116317;2024-03-06;3;Produto errado enviado
2516;116751;2024-03-06;1;Arrependimento
2517;116814;2024-03-06;1;Atraso na entrega
2518;116817;2024-03-06;1;Avaria no transporte
2519;116827;2024-03-06;2;Avaria no transporte
2520;117657;2024-03-06;2;Atraso na entrega
2521;118973;2024-03-06;1;Arrependimento
2522;117892;2024-03-07;1;Arrependimento
2523;117926;2024-03-07;1;Avaria no transporte
2524;118721;2024-03-07;2;Atraso na entrega
2525;118963;2024-03-07;1;Arrependimento
2526;119422;2024-03-07;1;Troca por outro produto
2527;120254;2024-03-07;2;Desistência
2528;116866;2024-03-08;1;Avaria no transporte
2529;117614;2024-03-08;1;Produto com defeito
2530;118222;2024-03-08;4;Atraso na entrega
2531;118724;2024-03-08;1;Arrependimento
2532;119325;2024-03-08;1;Produto com defeito
2533;119380;2024-03-08;1;Troca por outro produto
2534;119399;2024-03-08;1;Desistência
2535;119494;2024-03-08;3;Avaria no transporte
2536;119603;2024-03-08;1;Produto errado enviado
2537;119960;2024-03-08;7;Produto vencido/avariado
2538;120045;2024-03-08;1;Desistência
2539;117117;2024-03-09;3;Atraso na entrega
2540;117347;2024-03-09;1;Avaria no transporte
2541;118168;2024-03-09;1;Arrependimento
2542;118177;2024-03-09;2;Produto com defeito
2543;118513;2024-03-09;1;Produto com defeito
2544;119258;2024-03-09;1;Arrependimento
2545;120199;2024-03-09;1;Arrependimento
2546;117337;2024-03-10;2;Atraso na entrega
2547;118720;2024-03-10;3;Arrependimento
2548;120235;2024-03-10;2;Produto com defeito
2549;120759;2024-03-10;2;Troca por outro produto
2550;120847;2024-03-10;1;Produto com defeito
2551;120888;2024-03-10;1;Produto vencido/avariado
2552;120952;2024-03-10;1;Produto com defeito
2553;117602;2024-03-11;3;Produto errado enviado
2554;118149;2024-03-11;2;Avaria no transporte
2555;119477;2024-03-11;1;Arrependimento
2556;119544;2024-03-11;3;Produto com defeito
2557;120379;2024-03-11;1;Produto errado enviado
2558;120833;2024-03-11;4;Produto com defeito
2559;118241;2024-03-12;1;Produto com defeito
2560;118431;2024-03-12;1;Produto errado enviado
2561;119794;2024-03-12;1;Atraso na entrega
2562;119844;2024-03-12;1;Avaria no transporte
2563;120475;2024-03-12;1;Arrependimento
2564;120504;2024-03-12;1;Troca por outro produto
2565;120634;2024-03-12;1;Produto vencido/avariado
2566;120814;2024-03-12;6;Produto com defeito
2567;120880;2024-03-12;1;Troca por outro produto
2568;120982;2024-03-12;2;Produto errado enviado
2569;119040;2024-03-13;4;Arrependimento
2570;119482;2024-03-13;1;Avaria no transporte
2571;119571;2024-03-13;1;Arrependimento
2572;120253;2024-03-13;1;Troca por outro produto
2573;120518;2024-03-13;3;Produto com defeito
2574;121227;2024-03-13;1;Arrependimento
2575;122069;2024-03-13;2;Produto com defeito
2576;119029;2024-03-14;1;Arrependimento
2577;119885;2024-03-14;1;Produto com defeito
2578;120193;2024-03-14;3;Arrependimento
2579;120933;2024-03-14;1;Desistência
2580;120976;2024-03-14;1;Atraso na entrega
2581;121116;2024-03-14;2;Produto com defeito
2582;121156;2024-03-14;1;Produto com defeito
2583;121593;2024-03-14;2;Atraso na entrega
2584;118719;2024-03-15;1;Arrependimento
2585;118977;2024-03-15;1;Avaria no transporte
2586;119569;2024-03-15;1;Arrependimento
2587;120887;2024-03-15;1;Desistência
2588;120926;2024-03-15;2;Troca por outro produto
2589;121332;2024-03-15;2;Troca por outro produto
2590;121868;2024-03-15;2;Produto com defeito
2591;121893;2024-03-15;2;Atraso na entrega
2592;122556;2024-03-15;1;Desistência
2593;120727;2024-03-16;1;Arrependimento
2594;121325;2024-03-16;1;Produto com defeito
2595;121333;2024-03-16;1;Troca por outro produto
2596;122099;2024-03-17;3;Troca por outro produto
2597;122255;2024-03-17;1;Atraso na entrega
2598;122939;2024-03-17;1;Produto com defeito
2599;120125;2024-03-18;1;Produto com defeito
2600;120164;2024-03-18;1;Arrependimento
2601;121183;2024-03-18;1;Atraso na entrega
2602;121624;2024-03-18;4;Produto com defeito
2603;122001;2024-03-18;6;Desistência
2604;120725;2024-03-19;2;Arrependimento
2605;121499;2024-03-19;1;Arrependimento
2606;121012;2024-03-20;1;Arrependimento
2607;121242;2024-03-20;1;Produto errado enviado
2608;121548;2024-03-20;4;Atraso na entrega
2609;121556;2024-03-20;1;Arrependimento
2610;121848;2024-03-20;3;Arrependimento
2611;122185;2024-03-20;1;Arrependimento
2612;122426;2024-03-20;2;Atraso na entrega
2613;122468;2024-03-20;1;Atraso na entrega
2614;123195;2024-03-20;4;Produto com defeito
2615;123517;2024-03-20;5;Produto com defeito
2616;121545;2024-03-21;1;Produto com defeito
2617;122715;2024-03-21;1;Desistência
2618;123312;2024-03-21;1;Produto com defeito
2619;123585;2024-03-21;1;Produto com defeito
2620;123587;2024-03-21;1;Atraso na entrega
2621;123723;2024-03-21;1;Produto errado enviado
2622;120666;2024-03-22;1;Arrependimento
2623;120737;2024-03-22;1;Atraso na entrega
2624;122133;2024-03-22;3;Avaria no transporte
2625;122187;2024-03-22;1;Arrependimento
2626;122507;2024-03-22;1;Avaria no transporte
2627;122886;2024-03-22;1;Produto com defeito
2628;123425;2024-03-22;9;Produto com defeito
2629;123465;2024-03-22;1;Produto vencido/avariado
2630;123499;2024-03-22;1;Desistência
2631;123981;2024-03-22;1;Arrependimento
2632;124679;2024-03-22;1;Produto com defeito
2633;121014;2024-03-23;1;Arrependimento
2634;122431;2024-03-23;1;Avaria no transporte
2635;123324;2024-03-23;3;Arrependimento
2636;123395;2024-03-23;1;Atraso na entrega
2637;123890;2024-03-23;4;Produto com defeito
2638;124441;2024-03-23;2;Produto com defeito
2639;125054;2024-03-23;3;Troca por outro produto
2640;121225;2024-03-24;1;Arrependimento
2641;121277;2024-03-24;4;Arrependimento
2642;122737;2024-03-24;1;Arrependimento
2643;123327;2024-03-24;1;Produto com defeito
2644;124216;2024-03-24;2;Avaria no transporte
2645;125396;2024-03-24;1;Troca por outro produto
2646;121791;2024-03-25;1;Produto errado enviado
2647;122753;2024-03-25;2;Atraso na entrega
2648;122754;2024-03-25;1;Produto com defeito
2649;123713;2024-03-25;1;Arrependimento
2650;123964;2024-03-25;1;Avaria no transporte
2651;123996;2024-03-25;1;Arrependimento
2652;124362;2024-03-25;2;Troca por outro produto
2653;124741;2024-03-25;1;Desistência
2654;124970;2024-03-25;1;Arrependimento
2655;124999;2024-03-25;1;Atraso na entrega
2656;125079;2024-03-25;1;Produto com defeito
2657;125086;2024-03-25;4;Desistência
2658;121835;2024-03-26;1;Produto errado enviado
2659;123352;2024-03-26;1;Produto com defeito
2660;123638;2024-03-26;1;Produto com defeito
2661;123926;2024-03-26;2;Avaria no transporte
2662;124468;2024-03-26;1;Desistência
2663;124881;2024-03-26;1;Produto com defeito
2664;125048;2024-03-26;1;Produto com defeito
2665;126012;2024-03-26;1;Produto com defeito
2666;122144;2024-03-27;1;Arrependimento
2667;122193;2024-03-27;2;Arrependimento
2668;124331;2024-03-27;1;Produto com defeito
2669;124522;2024-03-27;6;Troca por outro produto
2670;125352;2024-03-27;2;Produto com defeito
2671;126038;2024-03-27;1;Troca por outro produto
2672;122421;2024-03-28;3;Atraso na entrega
2673;123177;2024-03-28;2;Atraso na entrega
2674;125345;2024-03-28;2;Arrependimento
2675;123429;2024-03-29;3;Produto errado enviado
2676;123655;2024-03-29;1;Produto errado enviado
2677;124645;2024-03-29;1;Atraso na entrega
2678;125066;2024-03-29;1;Desistência
2679;125118;2024-03-29;2;Produto com defeito
2680;125541;2024-03-29;1;Produto errado enviado
2681;125593;2024-03-29;1;Produto errado enviado
2682;126027;2024-03-29;3;Produto vencido/avariado
2683;126691;2024-03-29;2;Produto vencido/avariado
2684;125623;2024-03-30;1;Avaria no transporte
2685;125899;2024-03-30;1;Arrependimento
2686;126178;2024-03-30;1;Avaria no transporte
2687;126525;2024-03-30;1;Produto errado enviado
2688;126722;2024-03-30;1;Desistência
2689;126773;2024-03-30;2;Produto com defeito
2690;126910;2024-03-30;1;Desistência
2691;126922;2024-03-30;3;Desistência
2692;123363;2024-03-31;1;Arrependimento
2693;124887;2024-03-31;2;Atraso na entrega
2694;124985;2024-03-31;1;Avaria no transporte
2695;126160;2024-03-31;1;Produto errado enviado
2696;126395;2024-03-31;1;Produto com defeito
2697;126879;2024-03-31;2;Arrependimento
2698;126944;2024-03-31;3;Produto vencido/avariado
2699;127010;2024-03-31;1;Desistência
2700;127229;2024-03-31;3;Produto com defeito
2701;127454;2024-03-31;1;Desistência
2702;127547;2024-03-31;1;Produto com defeito
2703;127573;2024-03-31;1;Produto com defeito
2704;123751;2024-04-01;1;Avaria no transporte
2705;123956;2024-04-01;4;Arrependimento
2706;124248;2024-04-01;1;Avaria no transporte
2707;125603;2024-04-01;1;Arrependimento
2708;126482;2024-04-01;1;Arrependimento
2709;127109;2024-04-01;1;Avaria no transporte
2710;127133;2024-04-01;1;Atraso na entrega
2711;127966;2024-04-01;1;Troca por outro produto
2712;124284;2024-04-02;1;Produto com defeito
2713;124600;2024-04-02;3;Arrependimento
2714;126497;2024-04-02;1;Atraso na entrega
2715;127143;2024-04-02;1;Produto com defeito
2716;124295;2024-04-03;2;Arrependimento
2717;125845;2024-04-03;1;Arrependimento
2718;127532;2024-04-03;4;Arrependimento
2719;127799;2024-04-03;1;Desistência
2720;124626;2024-04-04;1;Atraso na entrega
2721;124888;2024-04-04;1;Atraso na entrega
2722;125286;2024-04-04;1;Arrependimento
2723;125630;2024-04-04;2;Atraso na entrega
2724;127160;2024-04-04;4;Arrependimento
2725;127172;2024-04-04;2;Atraso na entrega
2726;127562;2024-04-04;1;Produto vencido/avariado
2727;128022;2024-04-04;1;Arrependimento
2728;128197;2024-04-04;3;Desistência
2729;124978;2024-04-05;2;Produto com defeito
2730;127207;2024-04-05;1;Desistência
2731;127209;2024-04-05;2;Troca por outro produto
2732;128086;2024-04-05;1;Produto errado enviado
2733;128288;2024-04-05;2;Produto com defeito
2734;128958;2024-04-05;1;Produto com defeito
2735;126212;2024-04-06;1;Arrependimento
2736;126577;2024-04-06;1;Arrependimento
2737;127467;2024-04-06;1;Arrependimento
2738;127493;2024-04-06;2;Produto errado enviado
2739;127535;2024-04-06;1;Produto errado enviado
2740;128212;2024-04-06;2;Arrependimento
2741;128456;2024-04-06;1;Produto com defeito
2742;125576;2024-04-07;3;Atraso na entrega
2743;126202;2024-04-07;1;Arrependimento
2744;126269;2024-04-07;1;Arrependimento
2745;127180;2024-04-07;1;Arrependimento
2746;127892;2024-04-07;1;Desistência
2747;128043;2024-04-07;6;Avaria no transporte
2748;128532;2024-04-07;1;Arrependimento
2749;129168;2024-04-07;4;Troca por outro produto
2750;125878;2024-04-08;1;Arrependimento
2751;128362;2024-04-08;1;Produto vencido/avariado
2752;128537;2024-04-08;1;Arrependimento
2753;128858;2024-04-08;1;Produto com defeito
2754;129161;2024-04-08;2;Avaria no transporte
2755;129774;2024-04-08;1;Desistência
2756;126263;2024-04-09;1;Avaria no transporte
2757;128454;2024-04-09;1;Troca por outro produto
2758;129051;2024-04-09;1;Produto com defeito
2759;129077;2024-04-09;2;Arrependimento
2760;129148;2024-04-09;1;Atraso na entrega
2761;126540;2024-04-10;1;Avaria no transporte
2762;126866;2024-04-10;1;Atraso na entrega
2763;127156;2024-04-10;1;Arrependimento
2764;127488;2024-04-10;1;Avaria no transporte
2765;128070;2024-04-10;1;Avaria no transporte
2766;128072;2024-04-10;1;Avaria no transporte
2767;128348;2024-04-10;1;Arrependimento
2768;128694;2024-04-10;1;Produto com defeito
2769;129089;2024-04-10;2;Atraso na entrega
2770;129304;2024-04-10;1;Produto com defeito
2771;129817;2024-04-10;1;Produto com defeito
2772;130533;2024-04-10;1;Produto com defeito
2773;127465;2024-04-11;1;Atraso na entrega
2774;127976;2024-04-11;1;Produto com defeito
2775;128063;2024-04-11;3;Avaria no transporte
2776;128757;2024-04-11;1;Arrependimento
2777;129617;2024-04-11;2;Troca por outro produto
2778;129689;2024-04-11;1;Arrependimento
2779;129875;2024-04-11;2;Desistência
2780;128007;2024-04-12;1;Atraso na entrega
2781;128226;2024-04-12;2;Arrependimento
2782;128277;2024-04-12;1;Arrependimento
2783;128546;2024-04-12;1;Atraso na entrega
2784;129343;2024-04-12;1;Troca por outro produto
2785;129476;2024-04-12;1;Atraso na entrega
2786;129648;2024-04-12;4;Arrependimento
2787;129728;2024-04-12;1;Avaria no transporte
2788;129900;2024-04-12;1;Desistência
2789;130112;2024-04-12;1;Avaria no transporte
2790;128785;2024-04-13;1;Avaria no transporte
2791;128803;2024-04-13;1;Avaria no transporte
2792;128827;2024-04-13;1;Avaria no transporte
2793;129114;2024-04-13;2;Avaria no transporte
2794;129485;2024-04-13;1;Atraso na entrega
2795;129762;2024-04-13;2;Produto com defeito
2796;129851;2024-04-13;1;Produto com defeito
2797;130140;2024-04-13;4;Produto vencido/avariado
2798;130412;2024-04-13;1;Avaria no transporte
2799;130712;2024-04-13;2;Produto errado enviado
2800;130958;2024-04-13;1;Desistência
2801;127754;2024-04-14;1;Produto com defeito
2802;127759;2024-04-14;3;Arrependimento
2803;128052;2024-04-14;1;Avaria no transporte
2804;128779;2024-04-14;1;Produto com defeito
2805;129753;2024-04-14;3;Produto com defeito
2806;129938;2024-04-14;1;Arrependimento
2807;129957;2024-04-14;3;Arrependimento
2808;130038;2024-04-14;1;Atraso na entrega
2809;130334;2024-04-14;1;Arrependimento
2810;130367;2024-04-14;1;Atraso na entrega
2811;130784;2024-04-14;1;Atraso na entrega
2812;131036;2024-04-14;1;Arrependimento
2813;128264;2024-04-15;2;Arrependimento
2814;129092;2024-04-15;1;Avaria no transporte
2815;129484;2024-04-15;1;Avaria no transporte
2816;130032;2024-04-15;4;Arrependimento
2817;131668;2024-04-15;1;Produto vencido/avariado
2818;128795;2024-04-16;1;Atraso na entrega
2819;128844;2024-04-16;1;Avaria no transporte
2820;129121;2024-04-16;1;Avaria no transporte
2821;129425;2024-04-16;1;Avaria no transporte
2822;129664;2024-04-16;1;Produto com defeito
2823;130952;2024-04-16;1;Desistência
2824;131291;2024-04-16;1;Arrependimento
2825;131651;2024-04-16;1;Produto com defeito
2826;130310;2024-04-17;1;Produto com defeito
2827;131070;2024-04-17;1;Produto com defeito
2828;131199;2024-04-17;1;Desistência
2829;131592;2024-04-17;1;Atraso na entrega
2830;131768;2024-04-17;1;Produto errado enviado
2831;132532;2024-04-17;1;Produto com defeito
2832;132642;2024-04-17;1;Troca por outro produto
2833;128556;2024-04-18;3;Avaria no transporte
2834;128838;2024-04-18;1;Atraso na entrega
2835;129105;2024-04-18;1;Arrependimento
2836;129163;2024-04-18;1;Arrependimento
2837;129688;2024-04-18;1;Arrependimento
2838;129948;2024-04-18;1;Avaria no transporte
2839;131069;2024-04-18;1;Atraso na entrega
2840;131098;2024-04-18;1;Produto errado enviado
2841;132284;2024-04-18;1;Troca por outro produto
2842;132825;2024-04-18;2;Desistência
2843;128322;2024-04-19;1;Atraso na entrega
2844;129061;2024-04-19;2;Avaria no transporte
2845;129112;2024-04-19;1;Avaria no transporte
2846;129472;2024-04-19;1;Atraso na entrega
2847;129718;2024-04-19;1;Avaria no transporte
2848;130000;2024-04-19;1;Arrependimento
2849;130400;2024-04-19;1;Atraso na entrega
2850;131052;2024-04-19;1;Atraso na entrega
2851;131071;2024-04-19;2;Arrependimento
2852;131367;2024-04-19;2;Produto errado enviado
2853;132421;2024-04-19;4;Arrependimento
2854;133117;2024-04-19;1;Troca por outro produto
2855;128078;2024-04-20;1;Avaria no transporte
2856;128324;2024-04-20;1;Produto errado enviado
2857;128843;2024-04-20;1;Avaria no transporte
2858;129640;2024-04-20;1;Arrependimento
2859;130041;2024-04-20;1;Avaria no transporte
2860;130383;2024-04-20;1;Arrependimento
2861;130719;2024-04-20;2;Atraso na entrega
2862;130818;2024-04-20;3;Avaria no transporte
2863;131308;2024-04-20;1;Arrependimento
2864;131328;2024-04-20;1;Atraso na entrega
2865;131580;2024-04-20;2;Atraso na entrega
2866;132157;2024-04-20;1;Atraso na entrega
2867;132487;2024-04-20;1;Avaria no transporte
2868;133108;2024-04-20;2;Desistência
2869;133167;2024-04-20;2;Produto com defeito
2870;130102;2024-04-21;1;Arrependimento
2871;130318;2024-04-21;1;Avaria no transporte
2872;130332;2024-04-21;1;Arrependimento
2873;130413;2024-04-21;2;Avaria no transporte
2874;131078;2024-04-21;2;Atraso na entrega
2875;131347;2024-04-21;1;Avaria no transporte
2876;132525;2024-04-21;1;Desistência
2877;132821;2024-04-21;2;Produto com defeito
2878;133617;2024-04-21;1;Produto com defeito
2879;128066;2024-04-22;1;Atraso na entrega
2880;129115;2024-04-22;2;Avaria no transporte
2881;129474;2024-04-22;1;Produto com defeito
2882;130010;2024-04-22;1;Arrependimento
2883;132167;2024-04-22;1;Avaria no transporte
2884;132960;2024-04-22;1;Avaria no transporte
2885;133341;2024-04-22;7;Produto errado enviado
2886;134089;2024-04-22;2;Troca por outro produto
2887;134121;2024-04-22;1;Produto vencido/avariado
2888;134174;2024-04-22;3;Produto vencido/avariado
2889;128599;2024-04-23;1;Atraso na entrega
2890;128602;2024-04-23;1;Avaria no transporte
2891;130073;2024-04-23;1;Avaria no transporte
2892;130082;2024-04-23;3;Avaria no transporte
2893;130739;2024-04-23;1;Atraso na entrega
2894;130759;2024-04-23;4;Avaria no transporte
2895;130793;2024-04-23;5;Avaria no transporte
2896;131084;2024-04-23;2;Avaria no transporte
2897;132683;2024-04-23;5;Desistência
2898;132835;2024-04-23;1;Produto com defeito
2899;133178;2024-04-23;1;Troca por outro produto
2900;133436;2024-04-23;1;Produto vencido/avariado
2901;133465;2024-04-23;2;Troca por outro produto
2902;134189;2024-04-23;1;Desistência
2903;128601;2024-04-24;1;Avaria no transporte
2904;129102;2024-04-24;1;Avaria no transporte
2905;129473;2024-04-24;1;Avaria no transporte
2906;130392;2024-04-24;1;Avaria no transporte
2907;130420;2024-04-24;2;Arrependimento
2908;131867;2024-04-24;1;Produto com defeito
2909;132092;2024-04-24;1;Produto errado enviado
2910;132118;2024-04-24;1;Produto com defeito
2911;132145;2024-04-24;2;Produto errado enviado
2912;132969;2024-04-24;1;Produto com defeito
2913;133059;2024-04-24;3;Produto com defeito
2914;133402;2024-04-24;1;Produto com defeito
2915;133774;2024-04-24;1;Desistência
2916;134033;2024-04-24;3;Troca por outro produto
2917;134042;2024-04-24;2;Troca por outro produto
2918;134125;2024-04-24;1;Desistência
2919;134624;2024-04-24;1;Produto com defeito
2920;128321;2024-04-25;3;Avaria no transporte
2921;129478;2024-04-25;1;Atraso na entrega
2922;130789;2024-04-25;6;Avaria no transporte
2923;131096;2024-04-25;1;Avaria no transporte
2924;131358;2024-04-25;1;Produto com defeito
2925;131770;2024-04-25;2;Arrependimento
2926;131882;2024-04-25;1;Arrependimento
2927;132732;2024-04-25;2;Arrependimento
2928;133044;2024-04-25;1;Produto errado enviado
2929;133328;2024-04-25;1;Avaria no transporte
2930;133508;2024-04-25;1;Troca por outro produto
2931;133719;2024-04-25;1;Arrependimento
2932;134712;2024-04-25;1;Produto vencido/avariado
2933;131289;2024-04-26;2;Arrependimento
2934;131881;2024-04-26;1;Atraso na entrega
2935;133073;2024-04-26;1;Arrependimento
2936;133513;2024-04-26;1;Troca por outro produto
2937;133952;2024-04-26;1;Avaria no transporte
2938;134445;2024-04-26;1;Troca por outro produto
2939;135028;2024-04-26;1;Produto com defeito
2940;128596;2024-04-27;1;Produto errado enviado
2941;130382;2024-04-27;1;Avaria no transporte
2942;131093;2024-04-27;1;Atraso na entrega
2943;131771;2024-04-27;1;Produto com defeito
2944;132436;2024-04-27;3;Avaria no transporte
2945;133030;2024-04-27;3;Avaria no transporte
2946;133729;2024-04-27;1;Arrependimento
2947;135563;2024-04-27;1;Produto vencido/avariado
2948;135741;2024-04-27;2;Desistência
2949;129133;2024-04-28;1;Atraso na entrega
2950;130046;2024-04-28;2;Atraso na entrega
2951;130766;2024-04-28;1;Arrependimento
2952;131076;2024-04-28;3;Atraso na entrega
2953;132155;2024-04-28;2;Arrependimento
2954;132160;2024-04-28;2;Avaria no transporte
2955;133378;2024-04-28;1;Atraso na entrega
2956;133694;2024-04-28;4;Atraso na entrega
2957;134511;2024-04-28;1;Produto com defeito
2958;134573;2024-04-28;1;Avaria no transporte
2959;134860;2024-04-28;1;Avaria no transporte
2960;134941;2024-04-28;1;Troca por outro produto
2961;135605;2024-04-28;1;Desistência
2962;135639;2024-04-28;1;Produto com defeito
2963;135926;2024-04-28;1;Produto com defeito
2964;129129;2024-04-29;2;Produto com defeito
2965;130774;2024-04-29;1;Produto com defeito
2966;131607;2024-04-29;1;Atraso na entrega
2967;132448;2024-04-29;1;Atraso na entrega
2968;132722;2024-04-29;1;Avaria no transporte
2969;133958;2024-04-29;1;Avaria no transporte
2970;134311;2024-04-29;2;Produto errado enviado
2971;135302;2024-04-29;3;Troca por outro produto
2972;135567;2024-04-29;1;Troca por outro produto
2973;130419;2024-04-30;1;Atraso na entrega
2974;130428;2024-04-30;1;Avaria no transporte
2975;130780;2024-04-30;1;Atraso na entrega
2976;131341;2024-04-30;2;Avaria no transporte
2977;132445;2024-04-30;1;Atraso na entrega
2978;133027;2024-04-30;3;Avaria no transporte
2979;133638;2024-04-30;4;Arrependimento
2980;134845;2024-04-30;1;Produto com defeito
2981;134879;2024-04-30;1;Avaria no transporte
2982;135075;2024-04-30;1;Arrependimento
2983;135520;2024-04-30;1;Produto com defeito
2984;135730;2024-04-30;1;Produto vencido/avariado
2985;136255;2024-04-30;1;Produto com defeito
2986;129747;2024-05-01;1;Avaria no transporte
2987;130035;2024-05-01;1;Produto com defeito
2988;130079;2024-05-01;1;Avaria no transporte
2989;130090;2024-05-01;1;Arrependimento
2990;132764;2024-05-01;1;Arrependimento
2991;133351;2024-05-01;1;Atraso na entrega
2992;133381;2024-05-01;1;Atraso na entrega
2993;133963;2024-05-01;2;Arrependimento
2994;134279;2024-05-01;1;Atraso na entrega
2995;134844;2024-05-01;1;Arrependimento
2996;135330;2024-05-01;2;Produto com defeito
2997;136051;2024-05-01;2;Avaria no transporte
2998;130103;2024-05-02;1;Avaria no transporte
2999;131586;2024-05-02;1;Avaria no transporte
3000;132465;2024-05-02;3;Produto errado enviado
3001;133906;2024-05-02;1;Atraso na entrega
3002;134235;2024-05-02;1;Arrependimento
3003;134774;2024-05-02;1;Arrependimento
3004;134791;2024-05-02;2;Arrependimento
3005;134848;2024-05-02;1;Arrependimento
3006;135691;2024-05-02;2;Troca por outro produto
3007;135701;2024-05-02;1;Produto com defeito
3008;135847;2024-05-02;1;Avaria no transporte
3009;136090;2024-05-02;5;Atraso na entrega
3010;130765;2024-05-03;1;Atraso na entrega
3011;131583;2024-05-03;2;Avaria no transporte
3012;131588;2024-05-03;1;Avaria no transporte
3013;131593;2024-05-03;1;Atraso na entrega
3014;132147;2024-05-03;1;Avaria no transporte
3015;133043;2024-05-03;1;Avaria no transporte
3016;133703;2024-05-03;1;Arrependimento
3017;134224;2024-05-03;1;Produto errado enviado
3018;135836;2024-05-03;2;Avaria no transporte
3019;136640;2024-05-03;3;Produto com defeito
3020;131318;2024-05-04;1;Atraso na entrega
3021;132166;2024-05-04;1;Avaria no transporte
3022;132433;2024-05-04;1;Avaria no transporte
3023;134877;2024-05-04;1;Atraso na entrega
3024;135183;2024-05-04;2;Arrependimento
3025;135858;2024-05-04;2;Arrependimento
3026;136281;2024-05-04;1;Atraso na entrega
3027;136324;2024-05-04;1;Produto errado enviado
3028;136386;2024-05-04;2;Avaria no transporte
3029;136695;2024-05-04;3;Avaria no transporte
3030;136724;2024-05-04;2;Produto errado enviado
3031;136933;2024-05-04;1;Atraso na entrega
3032;137933;2024-05-04;1;Troca por outro produto
3033;132170;2024-05-05;1;Atraso na entrega
3034;132430;2024-05-05;2;Avaria no transporte
3035;133980;2024-05-05;1;Arrependimento
3036;136091;2024-05-05;4;Avaria no transporte
3037;136471;2024-05-05;5;Produto com defeito
3038;136546;2024-05-05;2;Desistência
3039;136698;2024-05-05;5;Arrependimento
3040;132174;2024-05-06;4;Avaria no transporte
3041;132429;2024-05-06;1;Produto errado enviado
3042;133370;2024-05-06;2;Avaria no transporte
3043;134297;2024-05-06;1;Atraso na entrega
3044;134314;2024-05-06;2;Atraso na entrega
3045;134881;2024-05-06;3;Produto com defeito
3046;135133;2024-05-06;1;Produto com defeito
3047;135535;2024-05-06;1;Atraso na entrega
3048;136015;2024-05-06;2;Atraso na entrega
3049;136489;2024-05-06;4;Produto com defeito
3050;137660;2024-05-06;1;Arrependimento
3051;131826;2024-05-07;1;Atraso na entrega
3052;131847;2024-05-07;1;Arrependimento
3053;133051;2024-05-07;1;Arrependimento
3054;134340;2024-05-07;3;Arrependimento
3055;134526;2024-05-07;1;Arrependimento
3056;135139;2024-05-07;1;Avaria no transporte
3057;136303;2024-05-07;1;Produto errado enviado
3058;136361;2024-05-07;1;Avaria no transporte
3059;136686;2024-05-07;2;Atraso na entrega
3060;136862;2024-05-07;1;Desistência
3061;137112;2024-05-07;1;Produto com defeito
3062;137362;2024-05-07;2;Avaria no transporte
3063;137605;2024-05-07;2;Produto com defeito
3064;132755;2024-05-08;2;Avaria no transporte
3065;133688;2024-05-08;1;Avaria no transporte
3066;134328;2024-05-08;1;Avaria no transporte
3067;134561;2024-05-08;1;Atraso na entrega
3068;134793;2024-05-08;1;Produto com defeito
3069;134868;2024-05-08;1;Atraso na entrega
3070;136314;2024-05-08;2;Arrependimento
3071;136598;2024-05-08;1;Arrependimento
3072;136635;2024-05-08;1;Produto com defeito
3073;136704;2024-05-08;1;Avaria no transporte
3074;136714;2024-05-08;1;Produto com defeito
3075;137017;2024-05-08;6;Avaria no transporte
3076;137030;2024-05-08;1;Atraso na entrega
3077;137696;2024-05-08;1;Arrependimento
3078;138106;2024-05-08;1;Produto com defeito
3079;138430;2024-05-08;1;Produto com defeito
3080;132435;2024-05-09;1;Avaria no transporte
3081;132443;2024-05-09;2;Arrependimento
3082;133353;2024-05-09;1;Atraso na entrega
3083;136372;2024-05-09;1;Produto errado enviado
3084;136391;2024-05-09;1;Atraso na entrega
3085;137838;2024-05-09;1;Produto vencido/avariado
3086;138363;2024-05-09;3;Avaria no transporte
3087;139211;2024-05-09;1;Desistência
3088;134298;2024-05-10;2;Arrependimento
3089;135143;2024-05-10;2;Arrependimento
3090;135773;2024-05-10;1;Arrependimento
3091;135820;2024-05-10;2;Arrependimento
3092;137803;2024-05-10;1;Produto vencido/avariado
3093;138028;2024-05-10;1;Troca por outro produto
3094;138087;2024-05-10;3;Produto com defeito
3095;138719;2024-05-10;1;Avaria no transporte
3096;138784;2024-05-10;1;Avaria no transporte
3097;138877;2024-05-10;6;Desistência
3098;139157;2024-05-10;1;Produto errado enviado
3099;139903;2024-05-10;1;Desistência
3100;134339;2024-05-11;4;Avaria no transporte
3101;135489;2024-05-11;1;Avaria no transporte
3102;136728;2024-05-11;1;Avaria no transporte
3103;137279;2024-05-11;2;Produto com defeito
3104;137296;2024-05-11;2;Arrependimento
3105;137666;2024-05-11;1;Arrependimento
3106;137719;2024-05-11;5;Atraso na entrega
3107;138080;2024-05-11;1;Produto com defeito
3108;138132;2024-05-11;1;Avaria no transporte
3109;140203;2024-05-11;1;Desistência
3110;133363;2024-05-12;1;Produto com defeito
3111;136609;2024-05-12;1;Arrependimento
3112;137013;2024-05-12;1;Arrependimento
3113;137385;2024-05-12;1;Atraso na entrega
3114;138340;2024-05-12;1;Avaria no transporte
3115;138967;2024-05-12;1;Atraso na entrega
3116;139121;2024-05-12;1;Arrependimento
3117;139179;2024-05-12;2;Troca por outro produto
3118;140260;2024-05-12;1;Produto com defeito
3119;133347;2024-05-13;2;Arrependimento
3120;134322;2024-05-13;1;Avaria no transporte
3121;135137;2024-05-13;1;Avaria no transporte
3122;136368;2024-05-13;1;Arrependimento
3123;136722;2024-05-13;2;Atraso na entrega
3124;136723;2024-05-13;4;Atraso na entrega
3125;137058;2024-05-13;1;Produto com defeito
3126;138095;2024-05-13;1;Atraso na entrega
3127;138125;2024-05-13;1;Arrependimento
3128;138875;2024-05-13;1;Desistência
3129;139115;2024-05-13;3;Avaria no transporte
3130;139128;2024-05-13;1;Atraso na entrega
3131;139419;2024-05-13;2;Avaria no transporte
3132;139430;2024-05-13;1;Produto com defeito
3133;139628;2024-05-13;2;Produto com defeito
3134;134859;2024-05-14;1;Avaria no transporte
3135;135519;2024-05-14;1;Avaria no transporte
3136;136679;2024-05-14;8;Arrependimento
3137;136957;2024-05-14;1;Produto com defeito
3138;138120;2024-05-14;2;Arrependimento
3139;139111;2024-05-14;1;Avaria no transporte
3140;139137;2024-05-14;1;Avaria no transporte
3141;139434;2024-05-14;1;Produto com defeito
3142;139923;2024-05-14;1;Desistência
3143;134880;2024-05-15;1;Atraso na entrega
3144;135158;2024-05-15;1;Atraso na entrega
3145;136705;2024-05-15;1;Avaria no transporte
3146;138133;2024-05-15;1;Atraso na entrega
3147;138137;2024-05-15;1;Arrependimento
3148;138154;2024-05-15;6;Produto com defeito
3149;138156;2024-05-15;6;Atraso na entrega
3150;138375;2024-05-15;1;Produto com defeito
3151;138751;2024-05-15;2;Avaria no transporte
3152;139456;2024-05-15;1;Avaria no transporte
3153;139681;2024-05-15;1;Desistência
3154;139698;2024-05-15;1;Produto com defeito
3155;139819;2024-05-15;1;Atraso na entrega
3156;139830;2024-05-15;2;Avaria no transporte
3157;139899;2024-05-15;1;Troca por outro produto
3158;141168;2024-05-15;1;Desistência
3159;134572;2024-05-16;1;Avaria no transporte
3160;134854;2024-05-16;2;Avaria no transporte
3161;135516;2024-05-16;1;Avaria no transporte
3162;136385;2024-05-16;1;Arrependimento
3163;137032;2024-05-16;2;Arrependimento
3164;138077;2024-05-16;1;Produto com defeito
3165;139483;2024-05-16;1;Atraso na entrega
3166;139770;2024-05-16;3;Produto com defeito
3167;139779;2024-05-16;1;Produto com defeito
3168;140094;2024-05-16;1;Produto errado enviado
3169;140103;2024-05-16;1;Arrependimento
3170;140713;2024-05-16;2;Produto com defeito
3171;141491;2024-05-16;2;Troca por outro produto
3172;135150;2024-05-17;2;Avaria no transporte
3173;136708;2024-05-17;2;Avaria no transporte
3174;137360;2024-05-17;2;Arrependimento
3175;138717;2024-05-17;2;Produto com defeito
3176;140407;2024-05-17;1;Arrependimento
3177;140712;2024-05-17;4;Arrependimento
3178;141516;2024-05-17;2;Desistência
3179;141778;2024-05-17;1;Troca por outro produto
3180;141781;2024-05-17;1;Produto com defeito
3181;134856;2024-05-18;2;Atraso na entrega
3182;135855;2024-05-18;3;Atraso na entrega
3183;136365;2024-05-18;1;Avaria no transporte
3184;136380;2024-05-18;1;Produto com defeito
3185;136691;2024-05-18;1;Atraso na entrega
3186;136716;2024-05-18;1;Avaria no transporte
3187;136998;2024-05-18;1;Atraso na entrega
3188;137691;2024-05-18;1;Produto errado enviado
3189;138606;2024-05-18;1;Atraso na entrega
3190;138698;2024-05-18;2;Atraso na entrega
3191;140124;2024-05-18;1;Produto errado enviado
3192;140675;2024-05-18;1;Produto errado enviado
3193;140684;2024-05-18;1;Produto com defeito
3194;140721;2024-05-18;1;Atraso na entrega
3195;140999;2024-05-18;5;Produto com defeito
3196;141026;2024-05-18;1;Atraso na entrega
3197;141040;2024-05-18;2;Avaria no transporte
3198;141715;2024-05-18;1;Avaria no transporte
3199;141798;2024-05-18;1;Troca por outro produto
3200;136086;2024-05-19;2;Atraso na entrega
3201;137006;2024-05-19;1;Avaria no transporte
3202;138149;2024-05-19;3;Atraso na entrega
3203;139481;2024-05-19;1;Arrependimento
3204;140666;2024-05-19;1;Arrependimento
3205;142203;2024-05-19;1;Produto com defeito
3206;135521;2024-05-20;1;Avaria no transporte
3207;135525;2024-05-20;1;Avaria no transporte
3208;136397;2024-05-20;2;Produto com defeito
3209;137033;2024-05-20;1;Avaria no transporte
3210;137337;2024-05-20;1;Avaria no transporte
3211;138130;2024-05-20;1;Atraso na entrega
3212;139524;2024-05-20;1;Arrependimento
3213;139834;2024-05-20;1;Produto com defeito
3214;140696;2024-05-20;1;Arrependimento
3215;140750;2024-05-20;2;Arrependimento
3216;141647;2024-05-20;5;Arrependimento
3217;141676;2024-05-20;4;Avaria no transporte
3218;142049;2024-05-20;1;Avaria no transporte
3219;142853;2024-05-20;1;Produto com defeito
3220;136076;2024-05-21;3;Atraso na entrega
3221;136379;2024-05-21;2;Atraso na entrega
3222;136707;2024-05-21;2;Avaria no transporte
3223;140446;2024-05-21;4;Atraso na entrega
3224;141672;2024-05-21;1;Avaria no transporte
3225;141847;2024-05-21;3;Produto com defeito
3226;142185;2024-05-21;1;Produto vencido/avariado
3227;136070;2024-05-22;4;Avaria no transporte
3228;136376;2024-05-22;1;Atraso na entrega
3229;139796;2024-05-22;12;Produto com defeito
3230;140762;2024-05-22;1;Avaria no transporte
3231;141298;2024-05-22;1;Arrependimento
3232;142395;2024-05-22;1;Arrependimento
3233;137348;2024-05-23;2;Atraso na entrega
3234;138155;2024-05-23;5;Atraso na entrega
3235;139095;2024-05-23;1;Produto com defeito
3236;139850;2024-05-23;1;Produto errado enviado
3237;140122;2024-05-23;1;Arrependimento
3238;140436;2024-05-23;1;Produto errado enviado
3239;140452;2024-05-23;1;Avaria no transporte
3240;141020;2024-05-23;1;Avaria no transporte
3241;141052;2024-05-23;1;Arrependimento
3242;141370;2024-05-23;1;Arrependimento
3243;141382;2024-05-23;2;Produto errado enviado
3244;141394;2024-05-23;1;Produto com defeito
3245;142159;2024-05-23;1;Troca por outro produto
3246;142214;2024-05-23;1;Produto vencido/avariado
3247;142267;2024-05-23;1;Produto com defeito
3248;142324;2024-05-23;3;Produto com defeito
3249;142348;2024-05-23;3;Produto errado enviado
3250;142563;2024-05-23;1;Desistência
3251;142572;2024-05-23;1;Desistência
3252;142783;2024-05-23;4;Produto com defeito
3253;142829;2024-05-23;1;Desistência
3254;143010;2024-05-23;1;Avaria no transporte
3255;143034;2024-05-23;1;Produto com defeito
3256;143831;2024-05-23;2;Desistência
3257;138720;2024-05-24;1;Avaria no transporte
3258;140451;2024-05-24;2;Avaria no transporte
3259;140667;2024-05-24;1;Atraso na entrega
3260;140725;2024-05-24;2;Atraso na entrega
3261;141030;2024-05-24;1;Atraso na entrega
3262;141325;2024-05-24;3;Produto errado enviado
3263;141664;2024-05-24;2;Produto errado enviado
3264;141921;2024-05-24;2;Atraso na entrega
3265;142003;2024-05-24;1;Avaria no transporte
3266;142655;2024-05-24;1;Arrependimento
3267;142758;2024-05-24;2;Atraso na entrega
3268;142766;2024-05-24;2;Avaria no transporte
3269;142816;2024-05-24;1;Produto com defeito
3270;142958;2024-05-24;1;Arrependimento
3271;143499;2024-05-24;4;Produto vencido/avariado
3272;143645;2024-05-24;2;Arrependimento
3273;143754;2024-05-24;1;Troca por outro produto
3274;144147;2024-05-24;1;Produto com defeito
3275;137350;2024-05-25;1;Avaria no transporte
3276;139113;2024-05-25;1;Arrependimento
3277;141285;2024-05-25;2;Atraso na entrega
3278;141695;2024-05-25;1;Atraso na entrega
3279;142033;2024-05-25;1;Avaria no transporte
3280;142408;2024-05-25;1;Avaria no transporte
3281;143512;2024-05-25;1;Arrependimento
3282;143564;2024-05-25;1;Arrependimento
3283;137387;2024-05-26;8;Avaria no transporte
3284;138752;2024-05-26;1;Atraso na entrega
3285;138758;2024-05-26;1;Avaria no transporte
3286;139140;2024-05-26;1;Produto com defeito
3287;141656;2024-05-26;1;Atraso na entrega
3288;142753;2024-05-26;1;Arrependimento
3289;142775;2024-05-26;1;Avaria no transporte
3290;143731;2024-05-26;1;Troca por outro produto
3291;143971;2024-05-26;2;Avaria no transporte
3292;144238;2024-05-26;2;Produto com defeito
3293;144371;2024-05-26;3;Troca por outro produto
3294;138714;2024-05-27;1;Avaria no transporte
3295;140970;2024-05-27;1;Arrependimento
3296;141005;2024-05-27;1;Avaria no transporte
3297;141034;2024-05-27;1;Arrependimento
3298;141642;2024-05-27;3;Produto com defeito
3299;142068;2024-05-27;2;Arrependimento
3300;142352;2024-05-27;3;Produto errado enviado
3301;142760;2024-05-27;1;Avaria no transporte
3302;143504;2024-05-27;1;Troca por outro produto
3303;143976;2024-05-27;1;Avaria no transporte
3304;144576;2024-05-27;2;Produto com defeito
3305;138123;2024-05-28;1;Avaria no transporte
3306;139110;2024-05-28;1;Avaria no transporte
3307;139831;2024-05-28;1;Atraso na entrega
3308;141036;2024-05-28;1;Avaria no transporte
3309;142067;2024-05-28;1;Atraso na entrega
3310;142361;2024-05-28;1;Atraso na entrega
3311;142673;2024-05-28;1;Arrependimento
3312;142742;2024-05-28;1;Avaria no transporte
3313;142793;2024-05-28;1;Arrependimento
3314;143586;2024-05-28;4;Avaria no transporte
3315;143620;2024-05-28;3;Atraso na entrega
3316;143945;2024-05-28;1;Arrependimento
3317;144051;2024-05-28;1;Desistência
3318;145331;2024-05-28;2;Desistência
3319;138372;2024-05-29;3;Produto errado enviado
3320;139118;2024-05-29;1;Produto errado enviado
3321;140147;2024-05-29;1;Atraso na entrega
3322;141342;2024-05-29;1;Avaria no transporte
3323;141622;2024-05-29;1;Produto com defeito
3324;142074;2024-05-29;1;Produto errado enviado
3325;142425;2024-05-29;1;Avaria no transporte
3326;142745;2024-05-29;1;Avaria no transporte
3327;142986;2024-05-29;2;Avaria no transporte
3328;143546;2024-05-29;1;Produto com defeito
3329;144712;2024-05-29;3;Arrependimento
3330;145179;2024-05-29;2;Troca por outro produto
3331;138773;2024-05-30;1;Avaria no transporte
3332;139509;2024-05-30;4;Atraso na entrega
3333;140474;2024-05-30;2;Avaria no transporte
3334;140757;2024-05-30;1;Avaria no transporte
3335;141701;2024-05-30;5;Avaria no transporte
3336;141911;2024-05-30;1;Produto com defeito
3337;143039;2024-05-30;2;Arrependimento
3338;144785;2024-05-30;1;Desistência
3339;145619;2024-05-30;3;Avaria no transporte
3340;139139;2024-05-31;1;Avaria no transporte
3341;140738;2024-05-31;1;Produto errado enviado
3342;141670;2024-05-31;3;Avaria no transporte
3343;143018;2024-05-31;1;Atraso na entrega
3344;143962;2024-05-31;1;Atraso na entrega
3345;144234;2024-05-31;2;Arrependimento
3346;144838;2024-05-31;1;Troca por outro produto
3347;145575;2024-05-31;1;Atraso na entrega
3348;141684;2024-06-01;1;Avaria no transporte
3349;142735;2024-06-01;1;Avaria no transporte
3350;143325;2024-06-01;1;Arrependimento
3351;143330;2024-06-01;1;Arrependimento
3352;144314;2024-06-01;3;Avaria no transporte
3353;145073;2024-06-01;1;Desistência
3354;145129;2024-06-01;3;Produto vencido/avariado
3355;147048;2024-06-01;1;Produto com defeito
3356;147200;2024-06-01;2;Desistência
3357;141014;2024-06-02;1;Avaria no transporte
3358;142939;2024-06-02;2;Avaria no transporte
3359;144301;2024-06-02;1;Avaria no transporte
3360;144650;2024-06-02;1;Produto com defeito
3361;145253;2024-06-02;2;Atraso na entrega
3362;145927;2024-06-02;1;Arrependimento
3363;145945;2024-06-02;1;Avaria no transporte
3364;146825;2024-06-02;3;Produto com defeito
3365;140726;2024-06-03;1;Produto com defeito
3366;141018;2024-06-03;1;Avaria no transporte
3367;141699;2024-06-03;1;Avaria no transporte
3368;143988;2024-06-03;1;Arrependimento
3369;144306;2024-06-03;1;Atraso na entrega
3370;145043;2024-06-03;1;Avaria no transporte
3371;145255;2024-06-03;2;Atraso na entrega
3372;145504;2024-06-03;1;Avaria no transporte
3373;145752;2024-06-03;1;Troca por outro produto
3374;145843;2024-06-03;1;Avaria no transporte
3375;145926;2024-06-03;2;Avaria no transporte
3376;146202;2024-06-03;1;Produto errado enviado
3377;146386;2024-06-03;1;Produto com defeito
3378;146609;2024-06-03;1;Atraso na entrega
3379;141371;2024-06-04;2;Arrependimento
3380;143347;2024-06-04;1;Atraso na entrega
3381;143351;2024-06-04;2;Avaria no transporte
3382;143632;2024-06-04;1;Produto com defeito
3383;143959;2024-06-04;2;Avaria no transporte
3384;144618;2024-06-04;3;Avaria no transporte
3385;144634;2024-06-04;1;Arrependimento
3386;145010;2024-06-04;1;Produto com defeito
3387;145235;2024-06-04;1;Avaria no transporte
3388;145285;2024-06-04;1;Atraso na entrega
3389;145602;2024-06-04;2;Atraso na entrega
3390;146058;2024-06-04;1;Troca por outro produto
3391;146255;2024-06-04;1;Produto com defeito
3392;146335;2024-06-04;1;Troca por outro produto
3393;146914;2024-06-04;2;Produto errado enviado
3394;146929;2024-06-04;1;Avaria no transporte
3395;147361;2024-06-04;2;Desistência
3396;141655;2024-06-05;1;Avaria no transporte
3397;142034;2024-06-05;2;Avaria no transporte
3398;143369;2024-06-05;1;Avaria no transporte
3399;144688;2024-06-05;3;Produto errado enviado
3400;144961;2024-06-05;2;Produto com defeito
3401;145232;2024-06-05;1;Arrependimento
3402;145589;2024-06-05;1;Avaria no transporte
3403;145921;2024-06-05;1;Arrependimento
3404;145939;2024-06-05;2;Atraso na entrega
3405;146623;2024-06-05;1;Avaria no transporte
3406;146924;2024-06-05;2;Produto errado enviado
3407;146937;2024-06-05;1;Arrependimento
3408;147225;2024-06-05;1;Desistência
3409;141025;2024-06-06;1;Arrependimento
3410;141362;2024-06-06;1;Atraso na entrega
3411;141373;2024-06-06;3;Avaria no transporte
3412;141393;2024-06-06;2;Produto errado enviado
3413;141662;2024-06-06;1;Produto errado enviado
3414;142727;2024-06-06;2;Avaria no transporte
3415;143615;2024-06-06;1;Produto com defeito
3416;144261;2024-06-06;1;Produto com defeito
3417;144297;2024-06-06;1;Avaria no transporte
3418;145841;2024-06-06;1;Produto errado enviado
3419;145892;2024-06-06;2;Avaria no transporte
3420;146261;2024-06-06;2;Atraso na entrega
3421;146578;2024-06-06;1;Produto errado enviado
3422;146666;2024-06-06;1;Produto vencido/avariado
3423;146810;2024-06-06;1;Produto com defeito
3424;148373;2024-06-06;2;Troca por outro produto
3425;148523;2024-06-06;1;Desistência
3426;141686;2024-06-07;1;Atraso na entrega
3427;143357;2024-06-07;3;Avaria no transporte
3428;143975;2024-06-07;2;Avaria no transporte
3429;145506;2024-06-07;1;Produto errado enviado
3430;146281;2024-06-07;5;Avaria no transporte
3431;147650;2024-06-07;2;Produto com defeito
3432;147853;2024-06-07;7;Produto com defeito
3433;148024;2024-06-07;1;Troca por outro produto
3434;148173;2024-06-07;1;Troca por outro produto
3435;148788;2024-06-07;1;Troca por outro produto
3436;148807;2024-06-07;1;Produto com defeito
3437;142005;2024-06-08;1;Avaria no transporte
3438;142045;2024-06-08;2;Avaria no transporte
3439;143616;2024-06-08;6;Avaria no transporte
3440;143981;2024-06-08;3;Avaria no transporte
3441;145594;2024-06-08;1;Avaria no transporte
3442;145884;2024-06-08;1;Avaria no transporte
3443;146912;2024-06-08;1;Produto com defeito
3444;146980;2024-06-08;1;Avaria no transporte
3445;147838;2024-06-08;1;Produto errado enviado
3446;147855;2024-06-08;1;Produto com defeito
3447;142782;2024-06-09;6;Arrependimento
3448;143374;2024-06-09;1;Atraso na entrega
3449;144311;2024-06-09;3;Avaria no transporte
3450;146232;2024-06-09;1;Produto errado enviado
3451;146263;2024-06-09;2;Avaria no transporte
3452;148555;2024-06-09;1;Avaria no transporte
3453;148597;2024-06-09;1;Produto errado enviado
3454;149572;2024-06-09;3;Produto com defeito
3455;142756;2024-06-10;1;Avaria no transporte
3456;142776;2024-06-10;2;Avaria no transporte
3457;143360;2024-06-10;1;Atraso na entrega
3458;143362;2024-06-10;2;Atraso na entrega
3459;143373;2024-06-10;2;Avaria no transporte
3460;144324;2024-06-10;6;Avaria no transporte
3461;145550;2024-06-10;1;Atraso na entrega
3462;146931;2024-06-10;2;Atraso na entrega
3463;146984;2024-06-10;1;Produto com defeito
3464;148677;2024-06-10;2;Produto com defeito
3465;149373;2024-06-10;1;Produto com defeito
3466;149772;2024-06-10;1;Desistência
3467;150093;2024-06-10;1;Produto com defeito
3468;143343;2024-06-11;1;Avaria no transporte
3469;143593;2024-06-11;3;Arrependimento
3470;145005;2024-06-11;2;Avaria no transporte
3471;145018;2024-06-11;1;Atraso na entrega
3472;147538;2024-06-11;1;Produto com defeito
3473;147802;2024-06-11;1;Arrependimento
3474;147884;2024-06-11;2;Avaria no transporte
3475;148235;2024-06-11;1;Produto com defeito
3476;148304;2024-06-11;8;Avaria no transporte
3477;148785;2024-06-11;1;Produto com defeito
3478;148821;2024-06-11;1;Arrependimento
3479;148825;2024-06-11;2;Arrependimento
3480;143980;2024-06-12;2;Avaria no transporte
3481;143986;2024-06-12;1;Avaria no transporte
3482;145936;2024-06-12;4;Avaria no transporte
3483;146156;2024-06-12;1;Arrependimento
3484;147235;2024-06-12;3;Arrependimento
3485;147898;2024-06-12;1;Atraso na entrega
3486;148306;2024-06-12;3;Avaria no transporte
3487;148309;2024-06-12;1;Avaria no transporte
3488;148630;2024-06-12;1;Atraso na entrega
3489;149010;2024-06-12;1;Produto com defeito
3490;149620;2024-06-12;2;Avaria no transporte
3491;149863;2024-06-12;1;Arrependimento
3492;146593;2024-06-13;1;Avaria no transporte
3493;146907;2024-06-13;1;Avaria no transporte
3494;146963;2024-06-13;4;Avaria no transporte
3495;147904;2024-06-13;1;Avaria no transporte
3496;148877;2024-06-13;3;Atraso na entrega
3497;148885;2024-06-13;2;Produto errado enviado
3498;149121;2024-06-13;3;Desistência
3499;149484;2024-06-13;1;Troca por outro produto
3500;149686;2024-06-13;2;Atraso na entrega
3501;143983;2024-06-14;1;Arrependimento
3502;144701;2024-06-14;1;Avaria no transporte
3503;145249;2024-06-14;3;Avaria no transporte
3504;146627;2024-06-14;1;Avaria no transporte
3505;148569;2024-06-14;2;Avaria no transporte
3506;148646;2024-06-14;1;Atraso na entrega
3507;148878;2024-06-14;1;Atraso na entrega
3508;149328;2024-06-14;1;Atraso na entrega
3509;149658;2024-06-14;1;Avaria no transporte
3510;149862;2024-06-14;1;Arrependimento
3511;149935;2024-06-14;1;Atraso na entrega
3512;150254;2024-06-14;1;Arrependimento
3513;150700;2024-06-14;3;Produto com defeito
3514;151328;2024-06-14;1;Produto com defeito
3515;147748;2024-06-15;1;Arrependimento
3516;147777;2024-06-15;1;Arrependimento
3517;149291;2024-06-15;1;Arrependimento
3518;149896;2024-06-15;2;Atraso na entrega
3519;149903;2024-06-15;1;Avaria no transporte
3520;150235;2024-06-15;1;Avaria no transporte
3521;151329;2024-06-15;1;Produto com defeito
3522;145578;2024-06-16;1;Atraso na entrega
3523;145911;2024-06-16;1;Arrependimento
3524;146243;2024-06-16;1;Avaria no transporte
3525;149643;2024-06-16;1;Produto errado enviado
3526;149693;2024-06-16;3;Avaria no transporte
3527;149882;2024-06-16;3;Atraso na entrega
3528;150198;2024-06-16;1;Atraso na entrega
3529;150573;2024-06-16;3;Avaria no transporte
3530;150937;2024-06-16;1;Arrependimento
3531;150971;2024-06-16;1;Avaria no transporte
3532;150994;2024-06-16;1;Arrependimento
3533;151086;2024-06-16;4;Troca por outro produto
3534;151120;2024-06-16;1;Troca por outro produto
3535;151218;2024-06-16;1;Avaria no transporte
3536;151882;2024-06-16;1;Troca por outro produto
3537;145027;2024-06-17;1;Atraso na entrega
3538;145932;2024-06-17;2;Avaria no transporte
3539;146602;2024-06-17;1;Avaria no transporte
3540;146953;2024-06-17;1;Produto com defeito
3541;147894;2024-06-17;1;Atraso na entrega
3542;148971;2024-06-17;2;Produto errado enviado
3543;149252;2024-06-17;3;Arrependimento
3544;149314;2024-06-17;1;Atraso na entrega
3545;150328;2024-06-17;3;Troca por outro produto
3546;150499;2024-06-17;1;Arrependimento
3547;150861;2024-06-17;1;Desistência
3548;150963;2024-06-17;2;Produto com defeito
3549;152078;2024-06-17;4;Produto com defeito
3550;145598;2024-06-18;1;Arrependimento
3551;146630;2024-06-18;2;Avaria no transporte
3552;147293;2024-06-18;1;Produto errado enviado
3553;147511;2024-06-18;1;Produto errado enviado
3554;148280;2024-06-18;1;Arrependimento
3555;148299;2024-06-18;3;Atraso na entrega
3556;149278;2024-06-18;1;Produto com defeito
3557;150224;2024-06-18;1;Arrependimento
3558;150612;2024-06-18;1;Arrependimento
3559;151067;2024-06-18;1;Desistência
3560;151342;2024-06-18;1;Desistência
3561;151490;2024-06-18;1;Desistência
3562;152371;2024-06-18;1;Desistência
3563;145613;2024-06-19;7;Atraso na entrega
3564;146254;2024-06-19;1;Atraso na entrega
3565;146611;2024-06-19;1;Atraso na entrega
3566;147870;2024-06-19;1;Atraso na entrega
3567;147882;2024-06-19;1;Avaria no transporte
3568;148636;2024-06-19;2;Avaria no transporte
3569;148642;2024-06-19;3;Atraso na entrega
3570;148917;2024-06-19;1;Avaria no transporte
3571;149669;2024-06-19;4;Avaria no transporte
3572;150587;2024-06-19;3;Atraso na entrega
3573;151399;2024-06-19;1;Desistência
3574;151895;2024-06-19;1;Desistência
3575;151972;2024-06-19;1;Atraso na entrega
3576;145934;2024-06-20;5;Atraso na entrega
3577;147513;2024-06-20;1;Arrependimento
3578;147864;2024-06-20;1;Arrependimento
3579;148283;2024-06-20;2;Arrependimento
3580;149300;2024-06-20;1;Produto errado enviado
3581;149917;2024-06-20;1;Produto com defeito
3582;150152;2024-06-20;1;Produto errado enviado
3583;150549;2024-06-20;1;Arrependimento
3584;150949;2024-06-20;3;Atraso na entrega
3585;151682;2024-06-20;1;Produto com defeito
3586;151728;2024-06-20;1;Desistência
3587;146616;2024-06-21;1;Avaria no transporte
3588;146936;2024-06-21;1;Produto com defeito
3589;150165;2024-06-21;2;Atraso na entrega
3590;150189;2024-06-21;1;Avaria no transporte
3591;150218;2024-06-21;1;Avaria no transporte
3592;150524;2024-06-21;1;Produto errado enviado
3593;152183;2024-06-21;3;Arrependimento
3594;152810;2024-06-21;1;Desistência
3595;153371;2024-06-21;1;Desistência
3596;153439;2024-06-21;1;Troca por outro produto
3597;146286;2024-06-22;5;Atraso na entrega
3598;146622;2024-06-22;1;Avaria no transporte
3599;147515;2024-06-22;1;Avaria no transporte
3600;148909;2024-06-22;1;Avaria no transporte
3601;149301;2024-06-22;1;Atraso na entrega
3602;149312;2024-06-22;1;Arrependimento
3603;149685;2024-06-22;1;Avaria no transporte
3604;149918;2024-06-22;1;Atraso na entrega
3605;150142;2024-06-22;5;Arrependimento
3606;150227;2024-06-22;2;Avaria no transporte
3607;150582;2024-06-22;1;Avaria no transporte
3608;150623;2024-06-22;1;Atraso na entrega
3609;151582;2024-06-22;1;Atraso na entrega
3610;152933;2024-06-22;1;Avaria no transporte
3611;153179;2024-06-22;1;Produto com defeito
3612;146586;2024-06-23;1;Atraso na entrega
3613;146954;2024-06-23;1;Produto errado enviado
3614;148653;2024-06-23;1;Avaria no transporte
3615;149683;2024-06-23;1;Atraso na entrega
3616;149891;2024-06-23;1;Avaria no transporte
3617;150873;2024-06-23;1;Atraso na entrega
3618;151297;2024-06-23;2;Avaria no transporte
3619;152237;2024-06-23;3;Atraso na entrega
3620;152631;2024-06-23;1;Arrependimento
3621;153257;2024-06-23;1;Atraso na entrega
3622;147860;2024-06-24;1;Atraso na entrega
3623;150966;2024-06-24;1;Atraso na entrega
3624;151580;2024-06-24;1;Avaria no transporte
3625;151961;2024-06-24;2;Atraso na entrega
3626;152861;2024-06-24;1;Arrependimento
3627;152991;2024-06-24;1;Arrependimento
3628;153740;2024-06-24;1;Desistência
3629;147494;2024-06-25;1;Avaria no transporte
3630;148928;2024-06-25;1;Avaria no transporte
3631;150894;2024-06-25;1;Arrependimento
3632;151305;2024-06-25;2;Avaria no transporte
3633;151577;2024-06-25;1;Avaria no transporte
3634;151980;2024-06-25;1;Produto com defeito
3635;152458;2024-06-25;1;Arrependimento
3636;152923;2024-06-25;1;Atraso na entrega
3637;153320;2024-06-25;4;Avaria no transporte
3638;153623;2024-06-25;1;Troca por outro produto
3639;154246;2024-06-25;1;Produto com defeito
3640;148622;2024-06-26;1;Produto errado enviado
3641;148915;2024-06-26;1;Arrependimento
3642;150967;2024-06-26;1;Produto errado enviado
3643;151284;2024-06-26;3;Atraso na entrega
3644;151586;2024-06-26;1;Arrependimento
3645;152174;2024-06-26;1;Arrependimento
3646;154300;2024-06-26;1;Produto com defeito
3647;148660;2024-06-27;10;Avaria no transporte
3648;148920;2024-06-27;1;Arrependimento
3649;150943;2024-06-27;1;Arrependimento
3650;151288;2024-06-27;1;Avaria no transporte
3651;152151;2024-06-27;3;Atraso na entrega
3652;152607;2024-06-27;1;Avaria no transporte
3653;154070;2024-06-27;3;Desistência
3654;154518;2024-06-27;1;Atraso na entrega
3655;154949;2024-06-27;1;Produto vencido/avariado
3656;155262;2024-06-27;1;Produto com defeito
3657;148640;2024-06-28;1;Produto com defeito
3658;148894;2024-06-28;4;Produto errado enviado
3659;149895;2024-06-28;1;Atraso na entrega
3660;150972;2024-06-28;1;Avaria no transporte
3661;152901;2024-06-28;3;Produto errado enviado
3662;153854;2024-06-28;2;Atraso na entrega
3663;153959;2024-06-28;1;Produto com defeito
3664;154940;2024-06-28;1;Troca por outro produto
3665;155613;2024-06-28;1;Desistência
3666;149908;2024-06-29;1;Avaria no transporte
3667;150938;2024-06-29;1;Avaria no transporte
3668;151274;2024-06-29;4;Atraso na entrega
3669;152226;2024-06-29;1;Arrependimento
3670;152616;2024-06-29;1;Avaria no transporte
3671;152905;2024-06-29;1;Avaria no transporte
3672;152946;2024-06-29;1;Avaria no transporte
3673;152958;2024-06-29;1;Avaria no transporte
3674;153296;2024-06-29;1;Arrependimento
3675;153300;2024-06-29;2;Avaria no transporte
3676;154398;2024-06-29;1;Arrependimento
3677;154458;2024-06-29;1;Arrependimento
3678;155382;2024-06-29;1;Atraso na entrega
3679;150200;2024-06-30;1;Avaria no transporte
3680;150600;2024-06-30;1;Avaria no transporte
3681;152952;2024-06-30;2;Produto errado enviado
3682;154667;2024-06-30;1;Troca por outro produto
3683;154887;2024-06-30;1;Produto vencido/avariado
3684;155491;2024-06-30;1;Atraso na entrega
3685;155942;2024-06-30;1;Troca por outro produto
3686;156587;2024-06-30;2;Produto com defeito
3687;149318;2024-07-01;1;Avaria no transporte
3688;150568;2024-07-01;4;Arrependimento
3689;151976;2024-07-01;3;Avaria no transporte
3690;153259;2024-07-01;2;Arrependimento
3691;153878;2024-07-01;3;Atraso na entrega
3692;154762;2024-07-01;1;Arrependimento
3693;154797;2024-07-01;2;Atraso na entrega
3694;155040;2024-07-01;1;Arrependimento
3695;149662;2024-07-02;1;Arrependimento
3696;150576;2024-07-02;2;Arrependimento
3697;152198;2024-07-02;1;Avaria no transporte
3698;153327;2024-07-02;2;Atraso na entrega
3699;154218;2024-07-02;1;Avaria no transporte
3700;154768;2024-07-02;2;Arrependimento
3701;155460;2024-07-02;1;Avaria no transporte
3702;156143;2024-07-02;1;Atraso na entrega
3703;156146;2024-07-02;1;Atraso na entrega
3704;156159;2024-07-02;1;Arrependimento
3705;156578;2024-07-02;1;Avaria no transporte
3706;151593;2024-07-03;2;Atraso na entrega
3707;151603;2024-07-03;3;Avaria no transporte
3708;151967;2024-07-03;1;Atraso na entrega
3709;152211;2024-07-03;2;Avaria no transporte
3710;153876;2024-07-03;4;Avaria no transporte
3711;155127;2024-07-03;1;Arrependimento
3712;155405;2024-07-03;1;Atraso na entrega
3713;155470;2024-07-03;1;Atraso na entrega
3714;155535;2024-07-03;4;Produto com defeito
3715;156097;2024-07-03;2;Arrependimento
3716;156324;2024-07-03;1;Produto com defeito
3717;156415;2024-07-03;1;Desistência
3718;156741;2024-07-03;2;Atraso na entrega
3719;151296;2024-07-04;4;Avaria no transporte
3720;151947;2024-07-04;1;Avaria no transporte
3721;152935;2024-07-04;1;Avaria no transporte
3722;153831;2024-07-04;1;Produto com defeito
3723;154187;2024-07-04;1;Atraso na entrega
3724;154852;2024-07-04;1;Atraso na entrega
3725;155046;2024-07-04;2;Avaria no transporte
3726;155929;2024-07-04;1;Desistência
3727;156540;2024-07-04;1;Atraso na entrega
3728;150593;2024-07-05;1;Avaria no transporte
3729;151299;2024-07-05;3;Atraso na entrega
3730;152618;2024-07-05;2;Atraso na entrega
3731;154466;2024-07-05;3;Produto com defeito
3732;156550;2024-07-05;3;Atraso na entrega
3733;156690;2024-07-05;1;Arrependimento
3734;156824;2024-07-05;1;Atraso na entrega
3735;157022;2024-07-05;1;Arrependimento
3736;150929;2024-07-06;3;Avaria no transporte
3737;152195;2024-07-06;3;Avaria no transporte
3738;152222;2024-07-06;2;Avaria no transporte
3739;153567;2024-07-06;2;Avaria no transporte
3740;153868;2024-07-06;1;Atraso na entrega
3741;154170;2024-07-06;1;Produto com defeito
3742;154199;2024-07-06;3;Atraso na entrega
3743;154400;2024-07-06;1;Arrependimento
3744;155090;2024-07-06;1;Atraso na entrega
3745;155129;2024-07-06;1;Avaria no transporte
3746;155499;2024-07-06;2;Produto com defeito
3747;155752;2024-07-06;1;Atraso na entrega
3748;156512;2024-07-06;2;Arrependimento
3749;156533;2024-07-06;2;Avaria no transporte
3750;156820;2024-07-06;1;Atraso na entrega
3751;157517;2024-07-06;1;Produto com defeito
3752;157525;2024-07-06;2;Desistência
3753;157781;2024-07-06;3;Avaria no transporte
3754;158431;2024-07-06;1;Produto com defeito
3755;151300;2024-07-07;5;Avaria no transporte
3756;151594;2024-07-07;1;Avaria no transporte
3757;153546;2024-07-07;1;Avaria no transporte
3758;154447;2024-07-07;1;Produto com defeito
3759;155384;2024-07-07;1;Arrependimento
3760;155393;2024-07-07;1;Produto errado enviado
3761;155776;2024-07-07;2;Arrependimento
3762;156899;2024-07-07;2;Troca por outro produto
3763;157078;2024-07-07;2;Avaria no transporte
3764;157127;2024-07-07;2;Arrependimento
3765;157287;2024-07-07;2;Produto vencido/avariado
3766;157388;2024-07-07;1;Produto errado enviado
3767;157748;2024-07-07;1;Avaria no transporte
3768;157904;2024-07-07;1;Troca por outro produto
3769;157950;2024-07-07;4;Troca por outro produto
3770;158574;2024-07-07;1;Produto com defeito
3771;153279;2024-07-08;4;Avaria no transporte
3772;154791;2024-07-08;3;Arrependimento
3773;155066;2024-07-08;2;Avaria no transporte
3774;155083;2024-07-08;1;Arrependimento
3775;155420;2024-07-08;1;Arrependimento
3776;155473;2024-07-08;2;Atraso na entrega
3777;156462;2024-07-08;1;Arrependimento
3778;156814;2024-07-08;1;Atraso na entrega
3779;157452;2024-07-08;2;Atraso na entrega
3780;157562;2024-07-08;2;Produto com defeito
3781;158076;2024-07-08;2;Atraso na entrega
3782;158182;2024-07-08;3;Desistência
3783;152934;2024-07-09;1;Atraso na entrega
3784;153568;2024-07-09;2;Produto com defeito
3785;154192;2024-07-09;1;Avaria no transporte
3786;156131;2024-07-09;2;Avaria no transporte
3787;156473;2024-07-09;2;Arrependimento
3788;156765;2024-07-09;2;Arrependimento
3789;156810;2024-07-09;1;Arrependimento
3790;157118;2024-07-09;2;Avaria no transporte
3791;158054;2024-07-09;1;Avaria no transporte
3792;158057;2024-07-09;1;Avaria no transporte
3793;158106;2024-07-09;2;Produto com defeito
3794;158388;2024-07-09;1;Atraso na entrega
3795;159172;2024-07-09;2;Produto com defeito
3796;152202;2024-07-10;1;Atraso na entrega
3797;152950;2024-07-10;1;Produto com defeito
3798;152962;2024-07-10;1;Avaria no transporte
3799;154188;2024-07-10;2;Avaria no transporte
3800;155130;2024-07-10;1;Atraso na entrega
3801;155791;2024-07-10;1;Avaria no transporte
3802;156120;2024-07-10;1;Produto com defeito
3803;157716;2024-07-10;1;Atraso na entrega
3804;157843;2024-07-10;1;Produto com defeito
3805;158000;2024-07-10;2;Atraso na entrega
3806;158059;2024-07-10;1;Avaria no transporte
3807;158456;2024-07-10;5;Produto com defeito
3808;153892;2024-07-11;3;Atraso na entrega
3809;156163;2024-07-11;1;Atraso na entrega
3810;156498;2024-07-11;1;Avaria no transporte
3811;157463;2024-07-11;2;Arrependimento
3812;158008;2024-07-11;1;Atraso na entrega
3813;158986;2024-07-11;2;Produto errado enviado
3814;159166;2024-07-11;3;Troca por outro produto
3815;159420;2024-07-11;3;Troca por outro produto
3816;153286;2024-07-12;1;Atraso na entrega
3817;153303;2024-07-12;1;Avaria no transporte
3818;153884;2024-07-12;1;Arrependimento
3819;153889;2024-07-12;2;Avaria no transporte
3820;154213;2024-07-12;1;Avaria no transporte
3821;155795;2024-07-12;2;Atraso na entrega
3822;155799;2024-07-12;5;Atraso na entrega
3823;156538;2024-07-12;3;Atraso na entrega
3824;157727;2024-07-12;3;Atraso na entrega
3825;158390;2024-07-12;1;Atraso na entrega
3826;158966;2024-07-12;1;Avaria no transporte
3827;159459;2024-07-12;1;Desistência
3828;159963;2024-07-12;1;Produto com defeito
3829;160721;2024-07-12;3;Produto com defeito
3830;153865;2024-07-13;2;Atraso na entrega
3831;154815;2024-07-13;1;Atraso na entrega
3832;156565;2024-07-13;4;Produto errado enviado
3833;156791;2024-07-13;1;Avaria no transporte
3834;157423;2024-07-13;2;Arrependimento
3835;157469;2024-07-13;1;Atraso na entrega
3836;157472;2024-07-13;2;Avaria no transporte
3837;158079;2024-07-13;1;Arrependimento
3838;159602;2024-07-13;1;Arrependimento
3839;159728;2024-07-13;1;Produto errado enviado
3840;159810;2024-07-13;1;Produto com defeito
3841;160162;2024-07-13;2;Produto com defeito
3842;155128;2024-07-14;3;Avaria no transporte
3843;158391;2024-07-14;1;Avaria no transporte
3844;160098;2024-07-14;1;Produto errado enviado
3845;160168;2024-07-14;1;Desistência
3846;160232;2024-07-14;1;Produto com defeito
3847;154224;2024-07-15;3;Atraso na entrega
3848;154827;2024-07-15;1;Atraso na entrega
3849;155453;2024-07-15;1;Avaria no transporte
3850;157746;2024-07-15;1;Avaria no transporte
3851;158317;2024-07-15;1;Produto com defeito
3852;158326;2024-07-15;1;Produto errado enviado
3853;158407;2024-07-15;1;Avaria no transporte
3854;159693;2024-07-15;1;Atraso na entrega
3855;160088;2024-07-15;1;Avaria no transporte
3856;160768;2024-07-15;1;Produto com defeito
3857;161607;2024-07-15;2;Produto com defeito
3858;154210;2024-07-16;1;Produto errado enviado
3859;157743;2024-07-16;1;Atraso na entrega
3860;158739;2024-07-16;1;Avaria no transporte
3861;158757;2024-07-16;1;Produto errado enviado
3862;158788;2024-07-16;2;Arrependimento
3863;159337;2024-07-16;2;Avaria no transporte
3864;159364;2024-07-16;1;Produto com defeito
3865;159414;2024-07-16;3;Atraso na entrega
3866;160467;2024-07-16;1;Arrependimento
3867;160499;2024-07-16;2;Arrependimento
3868;160690;2024-07-16;1;Desistência
3869;160906;2024-07-16;1;Desistência
3870;161588;2024-07-16;1;Produto vencido/avariado
3871;161853;2024-07-16;1;Produto com defeito
3872;155486;2024-07-17;1;Avaria no transporte
3873;155798;2024-07-17;1;Avaria no transporte
3874;156123;2024-07-17;1;Atraso na entrega
3875;157434;2024-07-17;2;Avaria no transporte
3876;158064;2024-07-17;3;Produto com defeito
3877;158398;2024-07-17;1;Atraso na entrega
3878;158930;2024-07-17;1;Arrependimento
3879;159369;2024-07-17;2;Arrependimento
3880;159377;2024-07-17;3;Avaria no transporte
3881;160085;2024-07-17;1;Avaria no transporte
3882;160379;2024-07-17;2;Arrependimento
3883;162251;2024-07-17;1;Troca por outro produto
3884;156822;2024-07-18;1;Avaria no transporte
3885;157459;2024-07-18;1;Atraso na entrega
3886;157725;2024-07-18;1;Avaria no transporte
3887;159996;2024-07-18;2;Produto errado enviado
3888;160531;2024-07-18;2;Produto errado enviado
3889;160831;2024-07-18;1;Avaria no transporte
3890;161489;2024-07-18;9;Desistência
3891;155451;2024-07-19;3;Atraso na entrega
3892;155474;2024-07-19;1;Avaria no transporte
3893;156124;2024-07-19;1;Arrependimento
3894;156133;2024-07-19;1;Atraso na entrega
3895;157734;2024-07-19;1;Atraso na entrega
3896;159000;2024-07-19;2;Avaria no transporte
3897;160138;2024-07-19;1;Avaria no transporte
3898;161160;2024-07-19;1;Produto errado enviado
3899;161162;2024-07-19;1;Avaria no transporte
3900;161393;2024-07-19;1;Produto com defeito
3901;156155;2024-07-20;2;Avaria no transporte
3902;157724;2024-07-20;3;Arrependimento
3903;158387;2024-07-20;1;Avaria no transporte
3904;158417;2024-07-20;1;Avaria no transporte
3905;159309;2024-07-20;5;Arrependimento
3906;159700;2024-07-20;2;Avaria no transporte
3907;160123;2024-07-20;3;Avaria no transporte
3908;160482;2024-07-20;1;Avaria no transporte
3909;161159;2024-07-20;3;Produto com defeito
3910;161422;2024-07-20;1;Avaria no transporte
3911;161924;2024-07-20;1;Desistência
3912;162080;2024-07-20;2;Atraso na entrega
3913;162304;2024-07-20;3;Desistência
3914;162801;2024-07-20;1;Desistência
3915;155779;2024-07-21;1;Atraso na entrega
3916;157136;2024-07-21;1;Produto errado enviado
3917;158953;2024-07-21;1;Produto com defeito
3918;159303;2024-07-21;4;Produto com defeito
3919;160513;2024-07-21;2;Arrependimento
3920;161692;2024-07-21;3;Produto errado enviado
3921;161717;2024-07-21;1;Atraso na entrega
3922;162238;2024-07-21;4;Produto vencido/avariado
3923;162331;2024-07-21;2;Atraso na entrega
3924;162981;2024-07-21;2;Produto com defeito
3925;159244;2024-07-22;2;Avaria no transporte
3926;160011;2024-07-22;1;Avaria no transporte
3927;160383;2024-07-22;4;Arrependimento
3928;160432;2024-07-22;1;Arrependimento
3929;160525;2024-07-22;1;Arrependimento
3930;161755;2024-07-22;1;Produto errado enviado
3931;161760;2024-07-22;1;Avaria no transporte
3932;161898;2024-07-22;2;Desistência
3933;162033;2024-07-22;1;Arrependimento
3934;162049;2024-07-22;1;Avaria no transporte
3935;162178;2024-07-22;1;Desistência
3936;162191;2024-07-22;1;Troca por outro produto
3937;162341;2024-07-22;1;Produto com defeito
3938;162751;2024-07-22;1;Atraso na entrega
3939;163193;2024-07-22;1;Desistência
3940;158034;2024-07-23;1;Produto com defeito
3941;158996;2024-07-23;1;Atraso na entrega
3942;159371;2024-07-23;1;Avaria no transporte
3943;159705;2024-07-23;2;Arrependimento
3944;160089;2024-07-23;1;Atraso na entrega
3945;160439;2024-07-23;1;Arrependimento
3946;160459;2024-07-23;2;Atraso na entrega
3947;161356;2024-07-23;1;Produto errado enviado
3948;161721;2024-07-23;1;Arrependimento
3949;161767;2024-07-23;1;Atraso na entrega
3950;162412;2024-07-23;1;Atraso na entrega
3951;162425;2024-07-23;6;Atraso na entrega
3952;162764;2024-07-23;1;Avaria no transporte
3953;163129;2024-07-23;2;Produto com defeito
3954;163207;2024-07-23;1;Desistência
3955;158382;2024-07-24;1;Atraso na entrega
3956;159379;2024-07-24;2;Atraso na entrega
3957;160151;2024-07-24;2;Produto errado enviado
3958;161136;2024-07-24;1;Atraso na entrega
3959;161178;2024-07-24;1;Avaria no transporte
3960;162761;2024-07-24;1;Avaria no transporte
3961;163420;2024-07-24;2;Arrependimento
3962;163821;2024-07-24;1;Troca por outro produto
3963;157145;2024-07-25;1;Produto com defeito
3964;160502;2024-07-25;6;Produto errado enviado
3965;161174;2024-07-25;1;Atraso na entrega
3966;161339;2024-07-25;1;Produto errado enviado
3967;161374;2024-07-25;2;Avaria no transporte
3968;161706;2024-07-25;2;Atraso na entrega
3969;162384;2024-07-25;2;Atraso na entrega
3970;163145;2024-07-25;5;Produto com defeito
3971;157736;2024-07-26;1;Atraso na entrega
3972;159687;2024-07-26;2;Arrependimento
3973;161194;2024-07-26;3;Atraso na entrega
3974;162706;2024-07-26;1;Atraso na entrega
3975;162721;2024-07-26;1;Avaria no transporte
3976;163057;2024-07-26;1;Atraso na entrega
3977;163211;2024-07-26;1;Desistência
3978;163588;2024-07-26;1;Produto com defeito
3979;163645;2024-07-26;1;Atraso na entrega
3980;163648;2024-07-26;1;Atraso na entrega
3981;164570;2024-07-26;1;Produto com defeito
3982;159701;2024-07-27;1;Avaria no transporte
3983;160466;2024-07-27;3;Avaria no transporte
3984;160471;2024-07-27;1;Avaria no transporte
3985;161148;2024-07-27;1;Atraso na entrega
3986;162052;2024-07-27;1;Avaria no transporte
3987;162073;2024-07-27;1;Avaria no transporte
3988;162383;2024-07-27;1;Produto com defeito
3989;162776;2024-07-27;2;Arrependimento
3990;164068;2024-07-27;2;Avaria no transporte
3991;164071;2024-07-27;1;Atraso na entrega
3992;164815;2024-07-27;3;Troca por outro produto
3993;164836;2024-07-27;2;Desistência
3994;160142;2024-07-28;1;Avaria no transporte
3995;161754;2024-07-28;1;Avaria no transporte
3996;162090;2024-07-28;3;Arrependimento
3997;163053;2024-07-28;3;Arrependimento
3998;163077;2024-07-28;1;Avaria no transporte
3999;163771;2024-07-28;4;Desistência
4000;163845;2024-07-28;1;Desistência
4001;164413;2024-07-28;1;Avaria no transporte
4002;164585;2024-07-28;2;Produto vencido/avariado
4003;164617;2024-07-28;1;Produto com defeito
4004;164875;2024-07-28;2;Troca por outro produto
4005;165095;2024-07-28;1;Produto com defeito
4006;165692;2024-07-28;2;Produto vencido/avariado
4007;165968;2024-07-28;1;Desistência
4008;158379;2024-07-29;3;Avaria no transporte
4009;158406;2024-07-29;1;Produto errado enviado
4010;159709;2024-07-29;1;Arrependimento
4011;160476;2024-07-29;1;Avaria no transporte
4012;160503;2024-07-29;7;Atraso na entrega
4013;161684;2024-07-29;1;Produto com defeito
4014;163076;2024-07-29;1;Atraso na entrega
4015;163082;2024-07-29;2;Produto errado enviado
4016;163426;2024-07-29;2;Arrependimento
4017;164132;2024-07-29;2;Desistência
4018;164705;2024-07-29;1;Arrependimento
4019;164745;2024-07-29;2;Avaria no transporte
4020;164858;2024-07-29;1;Produto com defeito
4021;165083;2024-07-29;4;Troca por outro produto
4022;165168;2024-07-29;2;Produto vencido/avariado
4023;166169;2024-07-29;1;Desistência
4024;159322;2024-07-30;1;Produto errado enviado
4025;159324;2024-07-30;1;Atraso na entrega
4026;159354;2024-07-30;1;Atraso na entrega
4027;159380;2024-07-30;3;Avaria no transporte
4028;161389;2024-07-30;1;Avaria no transporte
4029;162701;2024-07-30;1;Avaria no transporte
4030;162995;2024-07-30;1;Arrependimento
4031;163041;2024-07-30;1;Avaria no transporte
4032;163661;2024-07-30;1;Produto errado enviado
4033;163669;2024-07-30;1;Atraso na entrega
4034;164328;2024-07-30;1;Produto com defeito
4035;164420;2024-07-30;1;Avaria no transporte
4036;164538;2024-07-30;1;Produto com defeito
4037;164637;2024-07-30;1;Desistência
4038;166601;2024-07-30;1;Produto com defeito
4039;161371;2024-07-31;1;Atraso na entrega
4040;162420;2024-07-31;1;Arrependimento
4041;162432;2024-07-31;4;Produto com defeito
4042;163953;2024-07-31;3;Produto com defeito
4043;164084;2024-07-31;1;Avaria no transporte
4044;164415;2024-07-31;1;Atraso na entrega
4045;165086;2024-07-31;1;Troca por outro produto
4046;165381;2024-07-31;1;Produto errado enviado
4047;165894;2024-07-31;1;Troca por outro produto
4048;166234;2024-07-31;1;Desistência
4049;166855;2024-07-31;1;Produto com defeito
4050;161165;2024-08-01;1;Arrependimento
4051;162036;2024-08-01;2;Arrependimento
4052;162720;2024-08-01;1;Avaria no transporte
4053;162733;2024-08-01;1;Avaria no transporte
4054;163448;2024-08-01;1;Avaria no transporte
4055;163944;2024-08-01;1;Avaria no transporte
4056;165603;2024-08-01;1;Troca por outro produto
4057;165732;2024-08-01;2;Atraso na entrega
4058;165805;2024-08-01;1;Atraso na entrega
4059;166167;2024-08-01;2;Produto com defeito
4060;166341;2024-08-01;1;Produto errado enviado
4061;166868;2024-08-01;1;Produto com defeito
4062;166891;2024-08-01;1;Troca por outro produto
4063;160105;2024-08-02;3;Atraso na entrega
4064;162075;2024-08-02;1;Arrependimento
4065;162395;2024-08-02;1;Atraso na entrega
4066;162755;2024-08-02;1;Avaria no transporte
4067;162998;2024-08-02;1;Produto errado enviado
4068;164041;2024-08-02;1;Produto com defeito
4069;164064;2024-08-02;1;Avaria no transporte
4070;164671;2024-08-02;1;Arrependimento
4071;164724;2024-08-02;1;Avaria no transporte
4072;166739;2024-08-02;1;Atraso na entrega
4073;167581;2024-08-02;1;Troca por outro produto
4074;161382;2024-08-03;1;Atraso na entrega
4075;161763;2024-08-03;1;Atraso na entrega
4076;162734;2024-08-03;1;Atraso na entrega
4077;162739;2024-08-03;1;Avaria no transporte
4078;163061;2024-08-03;2;Avaria no transporte
4079;163401;2024-08-03;5;Produto errado enviado
4080;163937;2024-08-03;1;Arrependimento
4081;164726;2024-08-03;1;Avaria no transporte
4082;165042;2024-08-03;1;Atraso na entrega
4083;166431;2024-08-03;1;Atraso na entrega
4084;166434;2024-08-03;1;Avaria no transporte
4085;166494;2024-08-03;3;Desistência
4086;166634;2024-08-03;1;Arrependimento
4087;166844;2024-08-03;6;Produto com defeito
4088;166867;2024-08-03;1;Troca por outro produto
4089;166939;2024-08-03;1;Produto com defeito
4090;167201;2024-08-03;1;Produto com defeito
4091;167749;2024-08-03;2;Troca por outro produto
4092;162414;2024-08-04;2;Avaria no transporte
4093;162738;2024-08-04;3;Produto com defeito
4094;163060;2024-08-04;1;Arrependimento
4095;164102;2024-08-04;1;Arrependimento
4096;164737;2024-08-04;1;Arrependimento
4097;164940;2024-08-04;2;Atraso na entrega
4098;165011;2024-08-04;2;Avaria no transporte
4099;166446;2024-08-04;5;Atraso na entrega
4100;166635;2024-08-04;2;Arrependimento
4101;166927;2024-08-04;1;Produto com defeito
4102;166967;2024-08-04;2;Produto errado enviado
4103;161386;2024-08-05;3;Avaria no transporte
4104;161403;2024-08-05;2;Atraso na entrega
4105;161753;2024-08-05;2;Produto errado enviado
4106;161779;2024-08-05;2;Avaria no transporte
4107;163997;2024-08-05;1;Produto errado enviado
4108;164072;2024-08-05;1;Avaria no transporte
4109;165331;2024-08-05;2;Produto com defeito
4110;165442;2024-08-05;6;Arrependimento
4111;166435;2024-08-05;3;Avaria no transporte
4112;166561;2024-08-05;1;Produto com defeito
4113;167129;2024-08-05;2;Desistência
4114;167439;2024-08-05;2;Produto vencido/avariado
4115;161149;2024-08-06;2;Atraso na entrega
4116;161163;2024-08-06;4;Produto errado enviado
4117;162426;2024-08-06;4;Atraso na entrega
4118;164080;2024-08-06;1;Avaria no transporte
4119;164334;2024-08-06;1;Avaria no transporte
4120;164965;2024-08-06;1;Arrependimento
4121;165311;2024-08-06;3;Avaria no transporte
4122;166366;2024-08-06;2;Atraso na entrega
4123;166778;2024-08-06;1;Desistência
4124;168086;2024-08-06;2;Produto com defeito
4125;168453;2024-08-06;1;Produto com defeito
4126;161406;2024-08-07;1;Atraso na entrega
4127;161751;2024-08-07;2;Atraso na entrega
4128;162048;2024-08-07;1;Arrependimento
4129;162079;2024-08-07;2;Atraso na entrega
4130;163442;2024-08-07;3;Avaria no transporte
4131;163653;2024-08-07;1;Avaria no transporte
4132;163672;2024-08-07;1;Avaria no transporte
4133;165351;2024-08-07;1;Atraso na entrega
4134;165846;2024-08-07;2;Avaria no transporte
4135;166129;2024-08-07;1;Atraso na entrega
4136;166428;2024-08-07;1;Atraso na entrega
4137;166978;2024-08-07;1;Avaria no transporte
4138;167409;2024-08-07;3;Produto errado enviado
4139;168467;2024-08-07;1;Produto com defeito
4140;165820;2024-08-08;1;Atraso na entrega
4141;167296;2024-08-08;1;Avaria no transporte
4142;167355;2024-08-08;1;Avaria no transporte
4143;167357;2024-08-08;2;Avaria no transporte
4144;167646;2024-08-08;1;Arrependimento
4145;167681;2024-08-08;1;Avaria no transporte
4146;168602;2024-08-08;3;Arrependimento
4147;162066;2024-08-09;1;Atraso na entrega
4148;162378;2024-08-09;1;Avaria no transporte
4149;162748;2024-08-09;1;Arrependimento
4150;163677;2024-08-09;2;Avaria no transporte
4151;164759;2024-08-09;6;Avaria no transporte
4152;165392;2024-08-09;1;Atraso na entrega
4153;165402;2024-08-09;1;Atraso na entrega
4154;166370;2024-08-09;1;Atraso na entrega
4155;166400;2024-08-09;2;Atraso na entrega
4156;166419;2024-08-09;1;Atraso na entrega
4157;166724;2024-08-09;1;Atraso na entrega
4158;166759;2024-08-09;1;Avaria no transporte
4159;167057;2024-08-09;1;Avaria no transporte
4160;167058;2024-08-09;2;Avaria no transporte
4161;167274;2024-08-09;3;Produto errado enviado
4162;168021;2024-08-09;2;Arrependimento
4163;168222;2024-08-09;1;Atraso na entrega
4164;168469;2024-08-09;1;Desistência
4165;168665;2024-08-09;1;Produto com defeito
4166;168753;2024-08-09;3;Produto com defeito
4167;168788;2024-08-09;1;Produto com defeito
4168;169138;2024-08-09;1;Produto com defeito
4169;163056;2024-08-10;2;Avaria no transporte
4170;163660;2024-08-10;1;Avaria no transporte
4171;163678;2024-08-10;1;Atraso na entrega
4172;164428;2024-08-10;1;Arrependimento
4173;164431;2024-08-10;1;Atraso na entrega
4174;164713;2024-08-10;1;Arrependimento
4175;166045;2024-08-10;1;Arrependimento
4176;166716;2024-08-10;1;Avaria no transporte
4177;167092;2024-08-10;2;Avaria no transporte
4178;167277;2024-08-10;1;Arrependimento
4179;167300;2024-08-10;1;Arrependimento
4180;168020;2024-08-10;1;Arrependimento
4181;168633;2024-08-10;2;Arrependimento
4182;169013;2024-08-10;1;Produto vencido/avariado
4183;169994;2024-08-10;1;Troca por outro produto
4184;165405;2024-08-11;6;Avaria no transporte
4185;166331;2024-08-11;1;Arrependimento
4186;166713;2024-08-11;1;Atraso na entrega
4187;167650;2024-08-11;5;Produto com defeito
4188;167959;2024-08-11;1;Produto com defeito
4189;168242;2024-08-11;2;Atraso na entrega
4190;168512;2024-08-11;1;Arrependimento
4191;168930;2024-08-11;1;Avaria no transporte
4192;169302;2024-08-11;2;Troca por outro produto
4193;169748;2024-08-11;2;Desistência
4194;165804;2024-08-12;1;Arrependimento
4195;165818;2024-08-12;1;Atraso na entrega
4196;165830;2024-08-12;2;Produto errado enviado
4197;166685;2024-08-12;1;Produto errado enviado
4198;166983;2024-08-12;1;Produto com defeito
4199;167374;2024-08-12;1;Atraso na entrega
4200;169101;2024-08-12;1;Desistência
4201;169698;2024-08-12;1;Desistência
4202;170022;2024-08-12;2;Produto vencido/avariado
4203;170439;2024-08-12;1;Produto vencido/avariado
4204;165038;2024-08-13;1;Avaria no transporte
4205;165400;2024-08-13;4;Avaria no transporte
4206;166125;2024-08-13;3;Atraso na entrega
4207;166417;2024-08-13;1;Avaria no transporte
4208;167069;2024-08-13;1;Atraso na entrega
4209;168204;2024-08-13;1;Avaria no transporte
4210;168667;2024-08-13;2;Arrependimento
4211;169477;2024-08-13;1;Atraso na entrega
4212;169490;2024-08-13;1;Arrependimento
4213;169683;2024-08-13;1;Troca por outro produto
4214;169848;2024-08-13;2;Produto com defeito
4215;163683;2024-08-14;1;Atraso na entrega
4216;163697;2024-08-14;8;Atraso na entrega
4217;164410;2024-08-14;3;Avaria no transporte
4218;164727;2024-08-14;3;Atraso na entrega
4219;164757;2024-08-14;7;Avaria no transporte
4220;165012;2024-08-14;2;Avaria no transporte
4221;165823;2024-08-14;1;Avaria no transporte
4222;165841;2024-08-14;1;Atraso na entrega
4223;167389;2024-08-14;1;Produto errado enviado
4224;168024;2024-08-14;1;Arrependimento
4225;168263;2024-08-14;1;Atraso na entrega
4226;169660;2024-08-14;3;Produto com defeito
4227;169839;2024-08-14;2;Arrependimento
4228;170656;2024-08-14;1;Troca por outro produto
4229;165372;2024-08-15;1;Arrependimento
4230;165836;2024-08-15;4;Atraso na entrega
4231;166113;2024-08-15;1;Arrependimento
4232;166378;2024-08-15;3;Avaria no transporte
4233;166423;2024-08-15;1;Avaria no transporte
4234;166708;2024-08-15;1;Atraso na entrega
4235;167089;2024-08-15;1;Avaria no transporte
4236;167290;2024-08-15;2;Produto com defeito
4237;167362;2024-08-15;1;Avaria no transporte
4238;167665;2024-08-15;1;Produto errado enviado
4239;168259;2024-08-15;3;Atraso na entrega
4240;168611;2024-08-15;1;Avaria no transporte
4241;168918;2024-08-15;2;Avaria no transporte
4242;169656;2024-08-15;8;Troca por outro produto
4243;169845;2024-08-15;1;Avaria no transporte
4244;170509;2024-08-15;1;Produto errado enviado
4245;170600;2024-08-15;2;Avaria no transporte
4246;171724;2024-08-15;1;Produto com defeito
4247;171878;2024-08-15;1;Produto com defeito
4248;164711;2024-08-16;1;Produto com defeito
4249;166440;2024-08-16;2;Atraso na entrega
4250;167608;2024-08-16;1;Avaria no transporte
4251;168000;2024-08-16;2;Avaria no transporte
4252;168010;2024-08-16;2;Atraso na entrega
4253;168218;2024-08-16;2;Avaria no transporte
4254;168250;2024-08-16;1;Atraso na entrega
4255;169443;2024-08-16;2;Arrependimento
4256;169886;2024-08-16;2;Avaria no transporte
4257;170535;2024-08-16;4;Avaria no transporte
4258;171210;2024-08-16;2;Produto errado enviado
4259;171231;2024-08-16;1;Arrependimento
4260;171245;2024-08-16;1;Avaria no transporte
4261;171247;2024-08-16;1;Arrependimento
4262;172104;2024-08-16;1;Desistência
4263;166398;2024-08-17;1;Atraso na entrega
4264;166731;2024-08-17;1;Avaria no transporte
4265;167062;2024-08-17;2;Avaria no transporte
4266;169492;2024-08-17;1;Arrependimento
4267;169763;2024-08-17;1;Produto errado enviado
4268;170205;2024-08-17;2;Produto com defeito
4269;170227;2024-08-17;4;Atraso na entrega
4270;170305;2024-08-17;4;Desistência
4271;170919;2024-08-17;1;Atraso na entrega
4272;171269;2024-08-17;1;Produto errado enviado
4273;171697;2024-08-17;1;Produto errado enviado
4274;172564;2024-08-17;1;Produto com defeito
4275;165798;2024-08-18;1;Produto errado enviado
4276;166712;2024-08-18;1;Atraso na entrega
4277;167073;2024-08-18;1;Atraso na entrega
4278;167095;2024-08-18;1;Atraso na entrega
4279;167676;2024-08-18;1;Produto com defeito
4280;168247;2024-08-18;1;Atraso na entrega
4281;168610;2024-08-18;2;Avaria no transporte
4282;169232;2024-08-18;2;Produto errado enviado
4283;170150;2024-08-18;1;Produto errado enviado
4284;170245;2024-08-18;1;Avaria no transporte
4285;170448;2024-08-18;5;Arrependimento
4286;170823;2024-08-18;3;Arrependimento
4287;171185;2024-08-18;3;Produto com defeito
4288;171337;2024-08-18;1;Produto com defeito
4289;171817;2024-08-18;2;Produto vencido/avariado
4290;172221;2024-08-18;1;Desistência
4291;172501;2024-08-18;1;Desistência
4292;165398;2024-08-19;1;Atraso na entrega
4293;166387;2024-08-19;2;Produto com defeito
4294;168636;2024-08-19;2;Avaria no transporte
4295;168661;2024-08-19;4;Atraso na entrega
4296;170472;2024-08-19;1;Produto errado enviado
4297;170882;2024-08-19;1;Avaria no transporte
4298;171441;2024-08-19;1;Produto com defeito
4299;171564;2024-08-19;1;Arrependimento
4300;172453;2024-08-19;1;Produto com defeito
4301;172515;2024-08-19;1;Troca por outro produto
4302;167054;2024-08-20;2;Atraso na entrega
4303;167066;2024-08-20;1;Avaria no transporte
4304;167390;2024-08-20;1;Produto errado enviado
4305;168956;2024-08-20;2;Avaria no transporte
4306;169844;2024-08-20;1;Atraso na entrega
4307;170263;2024-08-20;1;Avaria no transporte
4308;170295;2024-08-20;5;Avaria no transporte
4309;170960;2024-08-20;1;Atraso na entrega
4310;171684;2024-08-20;1;Avaria no transporte
4311;171736;2024-08-20;2;Troca por outro produto
4312;171801;2024-08-20;1;Troca por outro produto
4313;173304;2024-08-20;2;Produto vencido/avariado
4314;173418;2024-08-20;2;Troca por outro produto
4315;166422;2024-08-21;4;Produto errado enviado
4316;168013;2024-08-21;1;Avaria no transporte
4317;169217;2024-08-21;2;Avaria no transporte
4318;169511;2024-08-21;3;Arrependimento
4319;169536;2024-08-21;2;Atraso na entrega
4320;170293;2024-08-21;4;Produto com defeito
4321;170571;2024-08-21;1;Atraso na entrega
4322;170929;2024-08-21;1;Avaria no transporte
4323;171276;2024-08-21;4;Atraso na entrega
4324;171902;2024-08-21;1;Arrependimento
4325;172275;2024-08-21;1;Arrependimento
4326;172330;2024-08-21;1;Atraso na entrega
4327;173437;2024-08-21;1;Produto com defeito
4328;173816;2024-08-21;1;Desistência
4329;168012;2024-08-22;1;Arrependimento
4330;168019;2024-08-22;1;Avaria no transporte
4331;169542;2024-08-22;1;Avaria no transporte
4332;169876;2024-08-22;1;Atraso na entrega
4333;170133;2024-08-22;1;Atraso na entrega
4334;170907;2024-08-22;1;Atraso na entrega
4335;170941;2024-08-22;2;Avaria no transporte
4336;171664;2024-08-22;1;Produto errado enviado
4337;172680;2024-08-22;1;Avaria no transporte
4338;173199;2024-08-22;1;Avaria no transporte
4339;167078;2024-08-23;1;Atraso na entrega
4340;167689;2024-08-23;2;Avaria no transporte
4341;168035;2024-08-23;7;Atraso na entrega
4342;170527;2024-08-23;1;Arrependimento
4343;170827;2024-08-23;1;Arrependimento
4344;171186;2024-08-23;6;Atraso na entrega
4345;171277;2024-08-23;1;Avaria no transporte
4346;171617;2024-08-23;1;Produto com defeito
4347;171632;2024-08-23;1;Avaria no transporte
4348;172799;2024-08-23;1;Produto vencido/avariado
4349;172981;2024-08-23;2;Desistência
4350;173227;2024-08-23;2;Atraso na entrega
4351;173264;2024-08-23;6;Avaria no transporte
4352;173388;2024-08-23;1;Produto com defeito
4353;173516;2024-08-23;2;Arrependimento
4354;167079;2024-08-24;1;Atraso na entrega
4355;168613;2024-08-24;1;Atraso na entrega
4356;169852;2024-08-24;2;Atraso na entrega
4357;170486;2024-08-24;1;Avaria no transporte
4358;171312;2024-08-24;1;Arrependimento
4359;171323;2024-08-24;2;Arrependimento
4360;171567;2024-08-24;2;Atraso na entrega
4361;172238;2024-08-24;2;Arrependimento
4362;172308;2024-08-24;1;Atraso na entrega
4363;172314;2024-08-24;6;Arrependimento
4364;172906;2024-08-24;1;Arrependimento
4365;172919;2024-08-24;1;Avaria no transporte
4366;173175;2024-08-24;2;Arrependimento
4367;173228;2024-08-24;2;Avaria no transporte
4368;173260;2024-08-24;1;Atraso na entrega
4369;173868;2024-08-24;2;Produto com defeito
4370;174849;2024-08-24;1;Desistência
4371;168006;2024-08-25;2;Atraso na entrega
4372;170817;2024-08-25;1;Avaria no transporte
4373;171282;2024-08-25;1;Produto errado enviado
4374;172284;2024-08-25;1;Arrependimento
4375;172935;2024-08-25;1;Avaria no transporte
4376;172939;2024-08-25;1;Arrependimento
4377;173237;2024-08-25;3;Avaria no transporte
4378;173261;2024-08-25;1;Avaria no transporte
4379;173540;2024-08-25;1;Atraso na entrega
4380;173817;2024-08-25;1;Produto com defeito
4381;173897;2024-08-25;3;Atraso na entrega
4382;174189;2024-08-25;1;Produto com defeito
4383;175030;2024-08-25;6;Desistência
4384;168935;2024-08-26;1;Produto com defeito
4385;169543;2024-08-26;1;Arrependimento
4386;169853;2024-08-26;2;Atraso na entrega
4387;169862;2024-08-26;1;Produto errado enviado
4388;170195;2024-08-26;1;Avaria no transporte
4389;170242;2024-08-26;2;Arrependimento
4390;171289;2024-08-26;1;Avaria no transporte
4391;171981;2024-08-26;1;Produto com defeito
4392;172237;2024-08-26;4;Arrependimento
4393;172333;2024-08-26;1;Avaria no transporte
4394;173246;2024-08-26;2;Avaria no transporte
4395;173320;2024-08-26;1;Troca por outro produto
4396;173634;2024-08-26;3;Avaria no transporte
4397;173926;2024-08-26;1;Arrependimento
4398;168031;2024-08-27;1;Arrependimento
4399;168241;2024-08-27;1;Arrependimento
4400;170557;2024-08-27;1;Atraso na entrega
4401;170561;2024-08-27;1;Avaria no transporte
4402;171317;2024-08-27;1;Atraso na entrega
4403;171584;2024-08-27;1;Arrependimento
4404;171601;2024-08-27;1;Arrependimento
4405;171945;2024-08-27;1;Produto errado enviado
4406;172268;2024-08-27;1;Produto errado enviado
4407;172930;2024-08-27;1;Arrependimento
4408;172975;2024-08-27;1;Arrependimento
4409;173565;2024-08-27;3;Atraso na entrega
4410;173568;2024-08-27;1;Atraso na entrega
4411;173617;2024-08-27;1;Avaria no transporte
4412;173728;2024-08-27;1;Produto com defeito
4413;173737;2024-08-27;1;Desistência
4414;173940;2024-08-27;1;Avaria no transporte
4415;174214;2024-08-27;4;Produto errado enviado
4416;174586;2024-08-27;1;Atraso na entrega
4417;169863;2024-08-28;1;Avaria no transporte
4418;170196;2024-08-28;1;Atraso na entrega
4419;170223;2024-08-28;2;Produto com defeito
4420;171558;2024-08-28;1;Atraso na entrega
4421;171578;2024-08-28;3;Avaria no transporte
4422;171674;2024-08-28;2;Produto com defeito
4423;171913;2024-08-28;2;Arrependimento
4424;173549;2024-08-28;1;Avaria no transporte
4425;173626;2024-08-28;1;Atraso na entrega
4426;173855;2024-08-28;1;Avaria no transporte
4427;173943;2024-08-28;1;Atraso na entrega
4428;173973;2024-08-28;1;Arrependimento
4429;173994;2024-08-28;2;Produto errado enviado
4430;174117;2024-08-28;1;Troca por outro produto
4431;175404;2024-08-28;1;Desistência
4432;175932;2024-08-28;1;Produto com defeito
4433;171304;2024-08-29;1;Avaria no transporte
4434;171636;2024-08-29;2;Atraso na entrega
4435;171650;2024-08-29;1;Arrependimento
4436;173515;2024-08-29;1;Atraso na entrega
4437;173544;2024-08-29;1;Atraso na entrega
4438;173583;2024-08-29;1;Avaria no transporte
4439;173584;2024-08-29;1;Atraso na entrega
4440;173959;2024-08-29;3;Arrependimento
4441;174506;2024-08-29;1;Arrependimento
4442;174535;2024-08-29;1;Produto com defeito
4443;174536;2024-08-29;1;Arrependimento
4444;175317;2024-08-29;1;Troca por outro produto
4445;175524;2024-08-29;2;Produto errado enviado
4446;175609;2024-08-29;1;Produto com defeito
4447;170212;2024-08-30;1;Avaria no transporte
4448;170215;2024-08-30;1;Atraso na entrega
4449;170889;2024-08-30;1;Avaria no transporte
4450;171267;2024-08-30;1;Atraso na entrega
4451;171643;2024-08-30;3;Arrependimento
4452;172350;2024-08-30;1;Produto com defeito
4453;172658;2024-08-30;1;Produto com defeito
4454;173172;2024-08-30;1;Produto errado enviado
4455;173527;2024-08-30;2;Arrependimento
4456;173922;2024-08-30;1;Atraso na entrega
4457;174664;2024-08-30;4;Produto com defeito
4458;175732;2024-08-30;1;Produto com defeito
4459;176010;2024-08-30;1;Troca por outro produto
4460;176795;2024-08-30;1;Desistência
4461;170563;2024-08-31;2;Avaria no transporte
4462;171645;2024-08-31;2;Atraso na entrega
4463;173240;2024-08-31;2;Atraso na entrega
4464;173507;2024-08-31;1;Atraso na entrega
4465;173582;2024-08-31;1;Avaria no transporte
4466;174596;2024-08-31;1;Atraso na entrega
4467;175542;2024-08-31;1;Produto errado enviado
4468;175984;2024-08-31;1;Desistência
4469;176110;2024-08-31;2;Troca por outro produto
4470;169866;2024-09-01;1;Atraso na entrega
4471;173528;2024-09-01;4;Atraso na entrega
4472;173625;2024-09-01;1;Arrependimento
4473;174219;2024-09-01;2;Arrependimento
4474;174248;2024-09-01;1;Avaria no transporte
4475;174584;2024-09-01;1;Atraso na entrega
4476;174990;2024-09-01;3;Avaria no transporte
4477;175547;2024-09-01;2;Avaria no transporte
4478;172651;2024-09-02;1;Arrependimento
4479;172684;2024-09-02;2;Avaria no transporte
4480;173238;2024-09-02;1;Produto errado enviado
4481;173295;2024-09-02;1;Avaria no transporte
4482;173560;2024-09-02;2;Arrependimento
4483;173599;2024-09-02;1;Avaria no transporte
4484;174553;2024-09-02;1;Avaria no transporte
4485;175487;2024-09-02;1;Arrependimento
4486;175559;2024-09-02;1;Avaria no transporte
4487;176183;2024-09-02;1;Arrependimento
4488;176504;2024-09-02;1;Arrependimento
4489;177577;2024-09-02;1;Desistência
4490;177587;2024-09-02;1;Desistência
4491;177599;2024-09-02;1;Produto com defeito
4492;170567;2024-09-03;1;Avaria no transporte
4493;171296;2024-09-03;1;Produto com defeito
4494;171326;2024-09-03;3;Arrependimento
4495;173230;2024-09-03;1;Avaria no transporte
4496;173495;2024-09-03;1;Atraso na entrega
4497;173823;2024-09-03;2;Atraso na entrega
4498;174884;2024-09-03;3;Atraso na entrega
4499;174983;2024-09-03;1;Arrependimento
4500;175237;2024-09-03;2;Avaria no transporte
4501;175238;2024-09-03;1;Arrependimento
4502;175479;2024-09-03;1;Avaria no transporte
4503;175526;2024-09-03;1;Arrependimento
4504;175555;2024-09-03;1;Produto errado enviado
4505;175865;2024-09-03;1;Arrependimento
4506;176102;2024-09-03;1;Desistência
4507;176176;2024-09-03;2;Produto com defeito
4508;176872;2024-09-03;1;Produto errado enviado
4509;176891;2024-09-03;1;Produto errado enviado
4510;171263;2024-09-04;2;Avaria no transporte
4511;173585;2024-09-04;1;Produto errado enviado
4512;176365;2024-09-04;1;Troca por outro produto
4513;176756;2024-09-04;1;Produto vencido/avariado
4514;176840;2024-09-04;1;Avaria no transporte
4515;176921;2024-09-04;2;Avaria no transporte
4516;177207;2024-09-04;1;Produto errado enviado
4517;177269;2024-09-04;2;Avaria no transporte
4518;178276;2024-09-04;3;Desistência
4519;171659;2024-09-05;3;Avaria no transporte
4520;171677;2024-09-05;1;Avaria no transporte
4521;171991;2024-09-05;1;Arrependimento
4522;171993;2024-09-05;2;Produto errado enviado
4523;173250;2024-09-05;2;Atraso na entrega
4524;173624;2024-09-05;1;Atraso na entrega
4525;174572;2024-09-05;1;Atraso na entrega
4526;174935;2024-09-05;2;Atraso na entrega
4527;175578;2024-09-05;1;Arrependimento
4528;176152;2024-09-05;4;Produto errado enviado
4529;176268;2024-09-05;1;Atraso na entrega
4530;177299;2024-09-05;2;Avaria no transporte
4531;177394;2024-09-05;3;Produto com defeito
4532;177506;2024-09-05;3;Arrependimento
4533;171319;2024-09-06;1;Avaria no transporte
4534;171642;2024-09-06;3;Atraso na entrega
4535;173600;2024-09-06;2;Avaria no transporte
4536;174505;2024-09-06;1;Atraso na entrega
4537;174903;2024-09-06;1;Avaria no transporte
4538;175872;2024-09-06;3;Atraso na entrega
4539;176520;2024-09-06;2;Produto com defeito
4540;176569;2024-09-06;1;Arrependimento
4541;177281;2024-09-06;2;Avaria no transporte
4542;177419;2024-09-06;1;Desistência
4543;177552;2024-09-06;2;Avaria no transporte
4544;177634;2024-09-06;3;Troca por outro produto
4545;177639;2024-09-06;1;Desistência
4546;178202;2024-09-06;1;Troca por outro produto
4547;178568;2024-09-06;1;Desistência
4548;173579;2024-09-07;1;Produto errado enviado
4549;173604;2024-09-07;1;Produto com defeito
4550;173917;2024-09-07;3;Atraso na entrega
4551;174608;2024-09-07;8;Atraso na entrega
4552;175216;2024-09-07;1;Avaria no transporte
4553;175461;2024-09-07;3;Arrependimento
4554;175574;2024-09-07;1;Produto errado enviado
4555;176512;2024-09-07;1;Atraso na entrega
4556;176556;2024-09-07;1;Arrependimento
4557;177464;2024-09-07;1;Atraso na entrega
4558;176927;2024-09-08;2;Arrependimento
4559;176933;2024-09-08;3;Avaria no transporte
4560;177260;2024-09-08;5;Arrependimento
4561;177477;2024-09-08;1;Produto com defeito
4562;177750;2024-09-08;1;Arrependimento
4563;178834;2024-09-08;3;Atraso na entrega
4564;179021;2024-09-08;1;Troca por outro produto
4565;173223;2024-09-09;1;Avaria no transporte
4566;173952;2024-09-09;3;Atraso na entrega
4567;174601;2024-09-09;3;Avaria no transporte
4568;175242;2024-09-09;2;Arrependimento
4569;176269;2024-09-09;5;Avaria no transporte
4570;176566;2024-09-09;1;Avaria no transporte
4571;176879;2024-09-09;1;Atraso na entrega
4572;177274;2024-09-09;5;Avaria no transporte
4573;177741;2024-09-09;1;Arrependimento
4574;178518;2024-09-09;2;Avaria no transporte
4575;178813;2024-09-09;3;Atraso na entrega
4576;179245;2024-09-09;1;Desistência
4577;179555;2024-09-09;1;Desistência
4578;173243;2024-09-10;1;Avaria no transporte
4579;173593;2024-09-10;1;Atraso na entrega
4580;177438;2024-09-10;4;Produto com defeito
4581;177516;2024-09-10;1;Atraso na entrega
4582;177810;2024-09-10;1;Arrependimento
4583;178319;2024-09-10;2;Produto com defeito
4584;178493;2024-09-10;1;Avaria no transporte
4585;178787;2024-09-10;2;Avaria no transporte
4586;178808;2024-09-10;1;Avaria no transporte
4587;179082;2024-09-10;1;Arrependimento
4588;179121;2024-09-10;2;Produto com defeito
4589;179169;2024-09-10;3;Atraso na entrega
4590;179425;2024-09-10;1;Troca por outro produto
4591;172956;2024-09-11;2;Produto errado enviado
4592;173915;2024-09-11;2;Atraso na entrega
4593;176171;2024-09-11;1;Atraso na entrega
4594;176810;2024-09-11;1;Atraso na entrega
4595;178099;2024-09-11;1;Arrependimento
4596;178492;2024-09-11;1;Atraso na entrega
4597;178538;2024-09-11;2;Avaria no transporte
4598;179113;2024-09-11;1;Arrependimento
4599;179352;2024-09-11;2;Troca por outro produto
4600;179522;2024-09-11;1;Atraso na entrega
4601;179523;2024-09-11;1;Arrependimento
4602;180210;2024-09-11;2;Troca por outro produto
4603;180306;2024-09-11;1;Produto com defeito
4604;180523;2024-09-11;2;Desistência
4605;173225;2024-09-12;1;Avaria no transporte
4606;173588;2024-09-12;2;Atraso na entrega
4607;173929;2024-09-12;3;Produto errado enviado
4608;174592;2024-09-12;1;Avaria no transporte
4609;176802;2024-09-12;2;Arrependimento
4610;176824;2024-09-12;1;Arrependimento
4611;177514;2024-09-12;1;Avaria no transporte
4612;177525;2024-09-12;5;Atraso na entrega
4613;178096;2024-09-12;1;Produto errado enviado
4614;178526;2024-09-12;10;Atraso na entrega
4615;180277;2024-09-12;3;Troca por outro produto
4616;173939;2024-09-13;1;Avaria no transporte
4617;173963;2024-09-13;5;Atraso na entrega
4618;176843;2024-09-13;1;Arrependimento
4619;176911;2024-09-13;2;Atraso na entrega
4620;178532;2024-09-13;1;Produto errado enviado
4621;178795;2024-09-13;2;Atraso na entrega
4622;179150;2024-09-13;3;Avaria no transporte
4623;179246;2024-09-13;1;Produto com defeito
4624;179702;2024-09-13;1;Atraso na entrega
4625;175853;2024-09-14;1;Produto errado enviado
4626;176940;2024-09-14;1;Atraso na entrega
4627;177223;2024-09-14;1;Produto com defeito
4628;178419;2024-09-14;1;Atraso na entrega
4629;178462;2024-09-14;1;Atraso na entrega
4630;178780;2024-09-14;3;Arrependimento
4631;179075;2024-09-14;1;Produto com defeito
4632;179517;2024-09-14;1;Produto errado enviado
4633;179778;2024-09-14;2;Avaria no transporte
4634;179794;2024-09-14;1;Arrependimento
4635;179806;2024-09-14;1;Avaria no transporte
4636;180228;2024-09-14;2;Desistência
4637;180390;2024-09-14;1;Avaria no transporte
4638;180703;2024-09-14;1;Arrependimento
4639;181154;2024-09-14;2;Produto com defeito
4640;181633;2024-09-14;1;Produto com defeito
4641;174252;2024-09-15;1;Produto errado enviado
4642;175227;2024-09-15;1;Atraso na entrega
4643;176244;2024-09-15;1;Avaria no transporte
4644;177533;2024-09-15;1;Arrependimento
4645;177844;2024-09-15;1;Arrependimento
4646;178084;2024-09-15;1;Arrependimento
4647;178089;2024-09-15;2;Avaria no transporte
4648;178137;2024-09-15;3;Avaria no transporte
4649;178169;2024-09-15;1;Atraso na entrega
4650;178807;2024-09-15;1;Avaria no transporte
4651;179498;2024-09-15;1;Atraso na entrega
4652;179711;2024-09-15;1;Arrependimento
4653;179833;2024-09-15;1;Arrependimento
4654;180244;2024-09-15;1;Produto vencido/avariado
4655;180617;2024-09-15;1;Produto vencido/avariado
4656;180680;2024-09-15;2;Atraso na entrega
4657;181615;2024-09-15;2;Produto com defeito
4658;174934;2024-09-16;1;Atraso na entrega
4659;174941;2024-09-16;1;Atraso na entrega
4660;175229;2024-09-16;1;Atraso na entrega
4661;175873;2024-09-16;2;Avaria no transporte
4662;177544;2024-09-16;1;Atraso na entrega
4663;177815;2024-09-16;6;Avaria no transporte
4664;177828;2024-09-16;3;Avaria no transporte
4665;178133;2024-09-16;6;Atraso na entrega
4666;178544;2024-09-16;1;Atraso na entrega
4667;178809;2024-09-16;1;Atraso na entrega
4668;179166;2024-09-16;3;Avaria no transporte
4669;180068;2024-09-16;2;Arrependimento
4670;180136;2024-09-16;2;Produto errado enviado
4671;180177;2024-09-16;1;Arrependimento
4672;180374;2024-09-16;1;Produto com defeito
4673;181034;2024-09-16;1;Arrependimento
4674;181070;2024-09-16;1;Atraso na entrega
4675;181300;2024-09-16;1;Produto com defeito
4676;181540;2024-09-16;2;Troca por outro produto
4677;181639;2024-09-16;4;Produto vencido/avariado
4678;175251;2024-09-17;2;Avaria no transporte
4679;177261;2024-09-17;2;Atraso na entrega
4680;177512;2024-09-17;1;Avaria no transporte
4681;180100;2024-09-17;1;Atraso na entrega
4682;180143;2024-09-17;1;Produto errado enviado
4683;180376;2024-09-17;1;Arrependimento
4684;180395;2024-09-17;1;Avaria no transporte
4685;181010;2024-09-17;1;Produto errado enviado
4686;181061;2024-09-17;3;Avaria no transporte
4687;181277;2024-09-17;1;Produto vencido/avariado
4688;181691;2024-09-17;2;Arrependimento
4689;175570;2024-09-18;1;Avaria no transporte
4690;175859;2024-09-18;2;Produto com defeito
4691;176549;2024-09-18;5;Atraso na entrega
4692;177530;2024-09-18;1;Avaria no transporte
4693;177546;2024-09-18;2;Avaria no transporte
4694;178490;2024-09-18;4;Produto errado enviado
4695;178805;2024-09-18;1;Avaria no transporte
4696;178836;2024-09-18;1;Atraso na entrega
4697;179132;2024-09-18;2;Arrependimento
4698;179196;2024-09-18;3;Avaria no transporte
4699;179521;2024-09-18;1;Avaria no transporte
4700;179737;2024-09-18;1;Produto com defeito
4701;180170;2024-09-18;1;Atraso na entrega
4702;180644;2024-09-18;1;Atraso na entrega
4703;180842;2024-09-18;1;Desistência
4704;182009;2024-09-18;3;Avaria no transporte
4705;182400;2024-09-18;1;Desistência
4706;179780;2024-09-19;1;Avaria no transporte
4707;180363;2024-09-19;3;Produto com defeito
4708;181238;2024-09-19;1;Desistência
4709;175842;2024-09-20;3;Avaria no transporte
4710;175846;2024-09-20;1;Avaria no transporte
4711;177838;2024-09-20;1;Avaria no transporte
4712;179119;2024-09-20;2;Produto com defeito
4713;179518;2024-09-20;5;Atraso na entrega
4714;179743;2024-09-20;2;Produto com defeito
4715;179815;2024-09-20;1;Avaria no transporte
4716;180029;2024-09-20;1;Produto com defeito
4717;180145;2024-09-20;1;Avaria no transporte
4718;181753;2024-09-20;1;Arrependimento
4719;182021;2024-09-20;5;Arrependimento
4720;182780;2024-09-20;2;Desistência
4721;183542;2024-09-20;1;Troca por outro produto
4722;176257;2024-09-21;4;Arrependimento
4723;176896;2024-09-21;1;Arrependimento
4724;177271;2024-09-21;1;Avaria no transporte
4725;177278;2024-09-21;4;Avaria no transporte
4726;178145;2024-09-21;2;Arrependimento
4727;178524;2024-09-21;2;Atraso na entrega
4728;180067;2024-09-21;3;Avaria no transporte
4729;180757;2024-09-21;1;Avaria no transporte
4730;181402;2024-09-21;1;Atraso na entrega
4731;181442;2024-09-21;1;Produto com defeito
4732;181705;2024-09-21;1;Avaria no transporte
4733;181988;2024-09-21;3;Produto com defeito
4734;183795;2024-09-21;3;Produto com defeito
4735;183889;2024-09-21;1;Produto com defeito
4736;183956;2024-09-21;1;Desistência
4737;176910;2024-09-22;1;Avaria no transporte
4738;177298;2024-09-22;1;Avaria no transporte
4739;177834;2024-09-22;3;Produto errado enviado
4740;177866;2024-09-22;1;Atraso na entrega
4741;178187;2024-09-22;4;Produto com defeito
4742;179830;2024-09-22;3;Avaria no transporte
4743;181745;2024-09-22;1;Arrependimento
4744;181899;2024-09-22;1;Arrependimento
4745;181931;2024-09-22;3;Arrependimento
4746;181957;2024-09-22;2;Arrependimento
4747;183590;2024-09-22;1;Desistência
4748;177290;2024-09-23;1;Avaria no transporte
4749;179787;2024-09-23;1;Atraso na entrega
4750;180411;2024-09-23;1;Arrependimento
4751;180723;2024-09-23;1;Produto errado enviado
4752;180738;2024-09-23;1;Avaria no transporte
4753;180770;2024-09-23;1;Arrependimento
4754;181044;2024-09-23;1;Produto com defeito
4755;183083;2024-09-23;1;Desistência
4756;183366;2024-09-23;2;Atraso na entrega
4757;183571;2024-09-23;1;Desistência
4758;183810;2024-09-23;1;Troca por outro produto
4759;184476;2024-09-23;1;Desistência
4760;177294;2024-09-24;1;Avaria no transporte
4761;177297;2024-09-24;1;Arrependimento
4762;179531;2024-09-24;1;Avaria no transporte
4763;180697;2024-09-24;1;Produto com defeito
4764;181126;2024-09-24;1;Arrependimento
4765;182004;2024-09-24;5;Avaria no transporte
4766;182611;2024-09-24;1;Arrependimento
4767;183005;2024-09-24;1;Atraso na entrega
4768;183576;2024-09-24;1;Desistência
4769;184753;2024-09-24;1;Desistência
4770;179187;2024-09-25;2;Atraso na entrega
4771;179791;2024-09-25;3;Produto errado enviado
4772;180426;2024-09-25;1;Atraso na entrega
4773;180741;2024-09-25;1;Atraso na entrega
4774;181367;2024-09-25;2;Produto errado enviado
4775;181416;2024-09-25;4;Avaria no transporte
4776;181706;2024-09-25;3;Arrependimento
4777;183374;2024-09-25;1;Atraso na entrega
4778;183391;2024-09-25;1;Atraso na entrega
4779;183627;2024-09-25;3;Atraso na entrega
4780;183793;2024-09-25;1;Produto vencido/avariado
4781;184769;2024-09-25;1;Troca por outro produto
4782;185016;2024-09-25;1;Troca por outro produto
4783;185194;2024-09-25;1;Produto com defeito
4784;178525;2024-09-26;3;Avaria no transporte
4785;179779;2024-09-26;1;Atraso na entrega
4786;180167;2024-09-26;1;Arrependimento
4787;181085;2024-09-26;3;Avaria no transporte
4788;181355;2024-09-26;1;Arrependimento
4789;182179;2024-09-26;1;Avaria no transporte
4790;182225;2024-09-26;4;Produto com defeito
4791;182353;2024-09-26;1;Arrependimento
4792;182607;2024-09-26;2;Produto com defeito
4793;183462;2024-09-26;1;Desistência
4794;183690;2024-09-26;1;Avaria no transporte
4795;184043;2024-09-26;2;Atraso na entrega
4796;184146;2024-09-26;1;Produto com defeito
4797;184181;2024-09-26;1;Produto errado enviado
4798;178500;2024-09-27;1;Arrependimento
4799;179792;2024-09-27;1;Avaria no transporte
4800;182322;2024-09-27;4;Arrependimento
4801;182357;2024-09-27;1;Atraso na entrega
4802;182676;2024-09-27;1;Avaria no transporte
4803;183291;2024-09-27;1;Produto errado enviado
4804;183738;2024-09-27;1;Produto com defeito
4805;183828;2024-09-27;1;Troca por outro produto
4806;184289;2024-09-27;2;Atraso na entrega
4807;184831;2024-09-27;2;Desistência
4808;185027;2024-09-27;2;Desistência
4809;185729;2024-09-27;3;Desistência
4810;179199;2024-09-28;1;Produto com defeito
4811;180151;2024-09-28;1;Atraso na entrega
4812;180417;2024-09-28;1;Avaria no transporte
4813;180740;2024-09-28;1;Avaria no transporte
4814;182172;2024-09-28;1;Produto com defeito
4815;182289;2024-09-28;1;Produto com defeito
4816;182339;2024-09-28;4;Produto com defeito
4817;182963;2024-09-28;2;Arrependimento
4818;184598;2024-09-28;1;Avaria no transporte
4819;179172;2024-09-29;1;Avaria no transporte
4820;179781;2024-09-29;1;Arrependimento
4821;181417;2024-09-29;2;Avaria no transporte
4822;183010;2024-09-29;1;Produto errado enviado
4823;183035;2024-09-29;1;Avaria no transporte
4824;183632;2024-09-29;2;Produto errado enviado
4825;184010;2024-09-29;1;Arrependimento
4826;184019;2024-09-29;1;Arrependimento
4827;184389;2024-09-29;1;Desistência
4828;184415;2024-09-29;1;Produto com defeito
4829;185230;2024-09-29;1;Arrependimento
4830;180385;2024-09-30;1;Produto errado enviado
4831;181775;2024-09-30;1;Produto com defeito
4832;182588;2024-09-30;3;Produto com defeito
4833;182704;2024-09-30;1;Atraso na entrega
4834;183397;2024-09-30;1;Avaria no transporte
4835;184571;2024-09-30;2;Arrependimento
4836;184583;2024-09-30;1;Arrependimento
4837;185297;2024-09-30;2;Atraso na entrega
4838;185383;2024-09-30;2;Produto com defeito
4839;185472;2024-09-30;1;Arrependimento
4840;185697;2024-09-30;1;Desistência
4841;185969;2024-09-30;1;Arrependimento
4842;181092;2024-10-01;1;Atraso na entrega
4843;182007;2024-10-01;4;Avaria no transporte
4844;182315;2024-10-01;3;Avaria no transporte
4845;183045;2024-10-01;1;Produto errado enviado
4846;184557;2024-10-01;1;Produto com defeito
4847;185580;2024-10-01;1;Produto com defeito
4848;185937;2024-10-01;3;Atraso na entrega
4849;186382;2024-10-01;2;Troca por outro produto
4850;186572;2024-10-01;3;Troca por outro produto
4851;186900;2024-10-01;2;Produto com defeito
4852;179804;2024-10-02;2;Avaria no transporte
4853;180434;2024-10-02;6;Avaria no transporte
4854;182296;2024-10-02;2;Produto errado enviado
4855;182942;2024-10-02;2;Produto errado enviado
4856;182973;2024-10-02;2;Produto com defeito
4857;183697;2024-10-02;2;Avaria no transporte
4858;184252;2024-10-02;2;Arrependimento
4859;184275;2024-10-02;2;Avaria no transporte
4860;185322;2024-10-02;2;Produto errado enviado
4861;186267;2024-10-02;1;Atraso na entrega
4862;187350;2024-10-02;1;Produto com defeito
4863;180412;2024-10-03;2;Arrependimento
4864;183642;2024-10-03;2;Atraso na entrega
4865;183722;2024-10-03;3;Produto com defeito
4866;184590;2024-10-03;1;Avaria no transporte
4867;184964;2024-10-03;1;Avaria no transporte
4868;185875;2024-10-03;1;Avaria no transporte
4869;185901;2024-10-03;3;Atraso na entrega
4870;186773;2024-10-03;2;Arrependimento
4871;186860;2024-10-03;1;Arrependimento
4872;187213;2024-10-03;2;Desistência
4873;187602;2024-10-03;2;Produto com defeito
4874;181395;2024-10-04;1;Arrependimento
4875;183729;2024-10-04;1;Produto errado enviado
4876;183991;2024-10-04;1;Arrependimento
4877;184044;2024-10-04;1;Avaria no transporte
4878;184059;2024-10-04;1;Produto com defeito
4879;184193;2024-10-04;3;Produto com defeito
4880;184292;2024-10-04;2;Atraso na entrega
4881;184576;2024-10-04;1;Avaria no transporte
4882;184587;2024-10-04;1;Avaria no transporte
4883;184876;2024-10-04;1;Arrependimento
4884;184878;2024-10-04;2;Atraso na entrega
4885;185581;2024-10-04;1;Avaria no transporte
4886;186752;2024-10-04;1;Atraso na entrega
4887;186811;2024-10-04;1;Avaria no transporte
4888;186818;2024-10-04;1;Atraso na entrega
4889;187603;2024-10-04;1;Troca por outro produto
4890;187695;2024-10-04;2;Produto com defeito
4891;187967;2024-10-04;1;Produto com defeito
4892;180721;2024-10-05;2;Avaria no transporte
4893;181089;2024-10-05;1;Avaria no transporte
4894;181387;2024-10-05;1;Atraso na entrega
4895;181785;2024-10-05;1;Avaria no transporte
4896;181787;2024-10-05;1;Atraso na entrega
4897;182307;2024-10-05;1;Atraso na entrega
4898;182316;2024-10-05;1;Avaria no transporte
4899;182685;2024-10-05;1;Atraso na entrega
4900;183000;2024-10-05;1;Avaria no transporte
4901;184904;2024-10-05;1;Avaria no transporte
4902;186166;2024-10-05;2;Arrependimento
4903;186771;2024-10-05;1;Avaria no transporte
4904;188164;2024-10-05;1;Produto com defeito
4905;182000;2024-10-06;2;Atraso na entrega
4906;182671;2024-10-06;1;Produto errado enviado
4907;183365;2024-10-06;1;Atraso na entrega
4908;184328;2024-10-06;2;Produto errado enviado
4909;184622;2024-10-06;1;Atraso na entrega
4910;185466;2024-10-06;1;Produto errado enviado
4911;185491;2024-10-06;1;Arrependimento
4912;185931;2024-10-06;1;Arrependimento
4913;186208;2024-10-06;1;Produto com defeito
4914;186212;2024-10-06;1;Produto com defeito
4915;186741;2024-10-06;3;Produto com defeito
4916;186803;2024-10-06;4;Avaria no transporte
4917;187236;2024-10-06;1;Produto com defeito
4918;187528;2024-10-06;1;Produto vencido/avariado
4919;187863;2024-10-06;1;Arrependimento
4920;188592;2024-10-06;1;Produto vencido/avariado
4921;181405;2024-10-07;1;Avaria no transporte
4922;181972;2024-10-07;3;Avaria no transporte
4923;182700;2024-10-07;1;Avaria no transporte
4924;183713;2024-10-07;1;Atraso na entrega
4925;183714;2024-10-07;2;Avaria no transporte
4926;184529;2024-10-07;1;Arrependimento
4927;185266;2024-10-07;1;Atraso na entrega
4928;185961;2024-10-07;1;Arrependimento
4929;186188;2024-10-07;1;Atraso na entrega
4930;187146;2024-10-07;2;Produto com defeito
4931;187341;2024-10-07;1;Produto com defeito
4932;187649;2024-10-07;2;Troca por outro produto
4933;187987;2024-10-07;1;Troca por outro produto
4934;187990;2024-10-07;1;Produto com defeito
4935;188349;2024-10-07;1;Desistência
4936;181781;2024-10-08;1;Atraso na entrega
4937;183022;2024-10-08;1;Produto errado enviado
4938;183027;2024-10-08;1;Atraso na entrega
4939;183413;2024-10-08;1;Avaria no transporte
4940;184052;2024-10-08;1;Avaria no transporte
4941;184922;2024-10-08;1;Arrependimento
4942;185214;2024-10-08;1;Produto com defeito
4943;185301;2024-10-08;1;Avaria no transporte
4944;185537;2024-10-08;1;Produto com defeito
4945;185903;2024-10-08;4;Atraso na entrega
4946;186833;2024-10-08;1;Atraso na entrega
4947;187085;2024-10-08;1;Arrependimento
4948;187290;2024-10-08;1;Produto com defeito
4949;187371;2024-10-08;2;Arrependimento
4950;187453;2024-10-08;1;Atraso na entrega
4951;187821;2024-10-08;1;Avaria no transporte
4952;188106;2024-10-08;1;Avaria no transporte
4953;182284;2024-10-09;1;Atraso na entrega
4954;184283;2024-10-09;1;Avaria no transporte
4955;184577;2024-10-09;2;Atraso na entrega
4956;184601;2024-10-09;1;Produto com defeito
4957;185891;2024-10-09;1;Produto errado enviado
4958;186469;2024-10-09;1;Atraso na entrega
4959;186737;2024-10-09;3;Arrependimento
4960;186795;2024-10-09;1;Avaria no transporte
4961;187020;2024-10-09;2;Arrependimento
4962;187111;2024-10-09;3;Atraso na entrega
4963;187133;2024-10-09;1;Avaria no transporte
4964;187202;2024-10-09;2;Produto com defeito
4965;187392;2024-10-09;1;Atraso na entrega
4966;187408;2024-10-09;1;Produto errado enviado
4967;187444;2024-10-09;2;Avaria no transporte
4968;187484;2024-10-09;2;Arrependimento
4969;187823;2024-10-09;1;Atraso na entrega
4970;188001;2024-10-09;4;Arrependimento
4971;188104;2024-10-09;2;Arrependimento
4972;188275;2024-10-09;2;Produto com defeito
4973;188473;2024-10-09;1;Produto com defeito
4974;188494;2024-10-09;1;Atraso na entrega
4975;182325;2024-10-10;1;Produto errado enviado
4976;182648;2024-10-10;1;Atraso na entrega
4977;182656;2024-10-10;2;Produto com defeito
4978;183388;2024-10-10;2;Avaria no transporte
4979;184053;2024-10-10;1;Atraso na entrega
4980;185606;2024-10-10;1;Atraso na entrega
4981;186296;2024-10-10;3;Atraso na entrega
4982;187853;2024-10-10;1;Atraso na entrega
4983;188326;2024-10-10;1;Produto com defeito
4984;189037;2024-10-10;3;Produto com defeito
4985;182646;2024-10-11;1;Atraso na entrega
4986;183401;2024-10-11;1;Avaria no transporte
4987;184270;2024-10-11;1;Avaria no transporte
4988;184310;2024-10-11;2;Avaria no transporte
4989;185599;2024-10-11;3;Avaria no transporte
4990;186292;2024-10-11;2;Atraso na entrega
4991;186295;2024-10-11;2;Atraso na entrega
4992;186461;2024-10-11;2;Arrependimento
4993;186501;2024-10-11;2;Arrependimento
4994;186789;2024-10-11;2;Atraso na entrega
4995;186792;2024-10-11;2;Produto errado enviado
4996;187831;2024-10-11;2;Avaria no transporte
4997;188122;2024-10-11;3;Produto errado enviado
4998;188386;2024-10-11;3;Avaria no transporte
4999;188486;2024-10-11;1;Avaria no transporte
5000;188869;2024-10-11;2;Produto vencido/avariado
5001;189024;2024-10-11;1;Avaria no transporte
5002;189065;2024-10-11;1;Avaria no transporte
5003;189285;2024-10-11;1;Avaria no transporte
5004;190273;2024-10-11;2;Troca por outro produto
5005;184040;2024-10-12;1;Produto errado enviado
5006;184305;2024-10-12;3;Atraso na entrega
5007;185565;2024-10-12;1;Atraso na entrega
5008;186234;2024-10-12;1;Arrependimento
5009;187176;2024-10-12;1;Avaria no transporte
5010;187381;2024-10-12;1;Arrependimento
5011;187817;2024-10-12;1;Arrependimento
5012;188977;2024-10-12;1;Produto com defeito
5013;189194;2024-10-12;1;Produto com defeito
5014;189816;2024-10-12;1;Produto com defeito
5015;185295;2024-10-13;1;Atraso na entrega
5016;185594;2024-10-13;1;Arrependimento
5017;187035;2024-10-13;1;Arrependimento
5018;187143;2024-10-13;1;Arrependimento
5019;187148;2024-10-13;1;Avaria no transporte
5020;187181;2024-10-13;1;Atraso na entrega
5021;188086;2024-10-13;1;Avaria no transporte
5022;188979;2024-10-13;1;Produto errado enviado
5023;189048;2024-10-13;4;Atraso na entrega
5024;189292;2024-10-13;1;Avaria no transporte
5025;190580;2024-10-13;2;Produto com defeito
5026;183719;2024-10-14;1;Atraso na entrega
5027;185607;2024-10-14;1;Avaria no transporte
5028;185942;2024-10-14;5;Avaria no transporte
5029;187816;2024-10-14;1;Atraso na entrega
5030;187822;2024-10-14;1;Avaria no transporte
5031;187847;2024-10-14;3;Arrependimento
5032;188483;2024-10-14;2;Arrependimento
5033;188707;2024-10-14;1;Avaria no transporte
5034;188718;2024-10-14;1;Avaria no transporte
5035;188964;2024-10-14;1;Atraso na entrega
5036;189718;2024-10-14;3;Avaria no transporte
5037;190114;2024-10-14;1;Atraso na entrega
5038;190382;2024-10-14;1;Arrependimento
5039;185920;2024-10-15;1;Atraso na entrega
5040;185925;2024-10-15;1;Avaria no transporte
5041;186814;2024-10-15;1;Avaria no transporte
5042;187422;2024-10-15;1;Avaria no transporte
5043;189558;2024-10-15;3;Troca por outro produto
5044;189620;2024-10-15;1;Desistência
5045;190090;2024-10-15;3;Atraso na entrega
5046;190456;2024-10-15;1;Arrependimento
5047;190702;2024-10-15;1;Troca por outro produto
5048;190954;2024-10-15;1;Desistência
5049;191227;2024-10-15;2;Produto vencido/avariado
5050;187377;2024-10-16;1;Produto errado enviado
5051;187860;2024-10-16;8;Avaria no transporte
5052;189769;2024-10-16;1;Arrependimento
5053;190172;2024-10-16;2;Produto com defeito
5054;190995;2024-10-16;1;Arrependimento
5055;191113;2024-10-16;3;Produto errado enviado
5056;184581;2024-10-17;2;Avaria no transporte
5057;184588;2024-10-17;1;Atraso na entrega
5058;185563;2024-10-17;3;Avaria no transporte
5059;186812;2024-10-17;1;Avaria no transporte
5060;188462;2024-10-17;2;Avaria no transporte
5061;189027;2024-10-17;1;Produto errado enviado
5062;189760;2024-10-17;2;Atraso na entrega
5063;189788;2024-10-17;1;Produto com defeito
5064;189799;2024-10-17;2;Atraso na entrega
5065;190095;2024-10-17;2;Avaria no transporte
5066;190132;2024-10-17;1;Atraso na entrega
5067;190192;2024-10-17;3;Troca por outro produto
5068;190344;2024-10-17;1;Produto errado enviado
5069;190607;2024-10-17;1;Produto com defeito
5070;190717;2024-10-17;1;Arrependimento
5071;190823;2024-10-17;3;Atraso na entrega
5072;191075;2024-10-17;1;Avaria no transporte
5073;191098;2024-10-17;2;Arrependimento
5074;191564;2024-10-17;1;Produto vencido/avariado
5075;191884;2024-10-17;3;Desistência
5076;187156;2024-10-18;1;Avaria no transporte
5077;188094;2024-10-18;1;Avaria no transporte
5078;188968;2024-10-18;1;Arrependimento
5079;188974;2024-10-18;2;Avaria no transporte
5080;189022;2024-10-18;2;Atraso na entrega
5081;190073;2024-10-18;1;Produto errado enviado
5082;190097;2024-10-18;1;Atraso na entrega
5083;190343;2024-10-18;2;Arrependimento
5084;190562;2024-10-18;1;Produto com defeito
5085;190797;2024-10-18;2;Produto errado enviado
5086;190860;2024-10-18;1;Produto com defeito
5087;190996;2024-10-18;1;Arrependimento
5088;191046;2024-10-18;1;Arrependimento
5089;191627;2024-10-18;1;Produto vencido/avariado
5090;191685;2024-10-18;1;Produto errado enviado
5091;191935;2024-10-18;2;Troca por outro produto
5092;192243;2024-10-18;1;Troca por outro produto
5093;192618;2024-10-18;1;Produto vencido/avariado
5094;185296;2024-10-19;1;Avaria no transporte
5095;185562;2024-10-19;1;Avaria no transporte
5096;186821;2024-10-19;1;Atraso na entrega
5097;188481;2024-10-19;2;Avaria no transporte
5098;188497;2024-10-19;2;Produto errado enviado
5099;188680;2024-10-19;1;Avaria no transporte
5100;188684;2024-10-19;1;Produto com defeito
5101;188749;2024-10-19;1;Produto com defeito
5102;189354;2024-10-19;1;Atraso na entrega
5103;190094;2024-10-19;1;Arrependimento
5104;191162;2024-10-19;4;Desistência
5105;191214;2024-10-19;1;Produto com defeito
5106;191323;2024-10-19;1;Troca por outro produto
5107;191470;2024-10-19;1;Arrependimento
5108;191680;2024-10-19;3;Avaria no transporte
5109;191737;2024-10-19;2;Produto com defeito
5110;192683;2024-10-19;1;Troca por outro produto
5111;186255;2024-10-20;1;Produto errado enviado
5112;186257;2024-10-20;1;Atraso na entrega
5113;186512;2024-10-20;1;Atraso na entrega
5114;186829;2024-10-20;1;Avaria no transporte
5115;186838;2024-10-20;1;Avaria no transporte
5116;187134;2024-10-20;3;Atraso na entrega
5117;187838;2024-10-20;2;Produto com defeito
5118;188117;2024-10-20;1;Produto com defeito
5119;189080;2024-10-20;2;Produto com defeito
5120;189284;2024-10-20;1;Produto errado enviado
5121;190054;2024-10-20;2;Arrependimento
5122;190144;2024-10-20;2;Produto errado enviado
5123;190377;2024-10-20;1;Arrependimento
5124;191023;2024-10-20;1;Produto com defeito
5125;191280;2024-10-20;1;Produto com defeito
5126;191699;2024-10-20;2;Arrependimento
5127;192091;2024-10-20;7;Avaria no transporte
5128;193026;2024-10-20;1;Troca por outro produto
5129;187145;2024-10-21;1;Avaria no transporte
5130;187454;2024-10-21;2;Avaria no transporte
5131;187840;2024-10-21;1;Produto com defeito
5132;188100;2024-10-21;1;Atraso na entrega
5133;189373;2024-10-21;1;Produto errado enviado
5134;189763;2024-10-21;1;Arrependimento
5135;189811;2024-10-21;2;Atraso na entrega
5136;190064;2024-10-21;1;Avaria no transporte
5137;190450;2024-10-21;1;Produto errado enviado
5138;190777;2024-10-21;1;Arrependimento
5139;191365;2024-10-21;1;Atraso na entrega
5140;191452;2024-10-21;1;Avaria no transporte
5141;192041;2024-10-21;1;Atraso na entrega
5142;192074;2024-10-21;2;Atraso na entrega
5143;192261;2024-10-21;1;Produto com defeito
5144;192324;2024-10-21;2;Produto com defeito
5145;192362;2024-10-21;1;Atraso na entrega
5146;192445;2024-10-21;1;Arrependimento
5147;192515;2024-10-21;1;Avaria no transporte
5148;192783;2024-10-21;2;Produto errado enviado
5149;193526;2024-10-21;1;Desistência
5150;188507;2024-10-22;3;Atraso na entrega
5151;189770;2024-10-22;1;Produto errado enviado
5152;190462;2024-10-22;3;Atraso na entrega
5153;191108;2024-10-22;3;Produto com defeito
5154;191437;2024-10-22;3;Atraso na entrega
5155;191894;2024-10-22;1;Desistência
5156;191905;2024-10-22;2;Produto com defeito
5157;192246;2024-10-22;1;Troca por outro produto
5158;192511;2024-10-22;1;Atraso na entrega
5159;187834;2024-10-23;1;Avaria no transporte
5160;189079;2024-10-23;1;Arrependimento
5161;189094;2024-10-23;1;Atraso na entrega
5162;189370;2024-10-23;4;Produto com defeito
5163;190115;2024-10-23;1;Avaria no transporte
5164;190140;2024-10-23;1;Arrependimento
5165;190413;2024-10-23;3;Arrependimento
5166;190426;2024-10-23;1;Avaria no transporte
5167;191431;2024-10-23;1;Atraso na entrega
5168;191449;2024-10-23;2;Produto errado enviado
5169;191467;2024-10-23;1;Atraso na entrega
5170;192703;2024-10-23;3;Produto vencido/avariado
5171;192897;2024-10-23;1;Avaria no transporte
5172;193687;2024-10-23;2;Produto com defeito
5173;194266;2024-10-23;5;Produto com defeito
5174;186801;2024-10-24;1;Avaria no transporte
5175;186828;2024-10-24;1;Atraso na entrega
5176;187177;2024-10-24;1;Atraso na entrega
5177;187441;2024-10-24;1;Produto com defeito
5178;189071;2024-10-24;2;Produto errado enviado
5179;189076;2024-10-24;1;Atraso na entrega
5180;189088;2024-10-24;1;Atraso na entrega
5181;191086;2024-10-24;1;Arrependimento
5182;191428;2024-10-24;1;Avaria no transporte
5183;192457;2024-10-24;1;Avaria no transporte
5184;192533;2024-10-24;2;Avaria no transporte
5185;193166;2024-10-24;1;Arrependimento
5186;193171;2024-10-24;1;Produto com defeito
5187;193202;2024-10-24;1;Atraso na entrega
5188;193679;2024-10-24;1;Desistência
5189;193808;2024-10-24;1;Atraso na entrega
5190;194671;2024-10-24;2;Produto com defeito
5191;190383;2024-10-25;1;Avaria no transporte
5192;191363;2024-10-25;4;Arrependimento
5193;191736;2024-10-25;1;Avaria no transporte
5194;191753;2024-10-25;1;Atraso na entrega
5195;191756;2024-10-25;1;Produto com defeito
5196;192487;2024-10-25;1;Produto errado enviado
5197;192852;2024-10-25;1;Arrependimento
5198;193137;2024-10-25;1;Atraso na entrega
5199;193143;2024-10-25;1;Produto com defeito
5200;193531;2024-10-25;2;Produto com defeito
5201;193652;2024-10-25;1;Desistência
5202;193701;2024-10-25;1;Desistência
5203;193787;2024-10-25;1;Produto errado enviado
5204;193802;2024-10-25;2;Arrependimento
5205;193806;2024-10-25;4;Produto com defeito
5206;193880;2024-10-25;1;Atraso na entrega
5207;194165;2024-10-25;1;Atraso na entrega
5208;194293;2024-10-25;1;Troca por outro produto
5209;194337;2024-10-25;1;Produto com defeito
5210;194711;2024-10-25;5;Desistência
5211;187846;2024-10-26;1;Atraso na entrega
5212;189378;2024-10-26;2;Avaria no transporte
5213;190724;2024-10-26;1;Produto com defeito
5214;190815;2024-10-26;2;Avaria no transporte
5215;191352;2024-10-26;2;Arrependimento
5216;191360;2024-10-26;3;Produto errado enviado
5217;191468;2024-10-26;1;Avaria no transporte
5218;191675;2024-10-26;1;Arrependimento
5219;193154;2024-10-26;1;Arrependimento
5220;193502;2024-10-26;1;Produto errado enviado
5221;193908;2024-10-26;1;Avaria no transporte
5222;194204;2024-10-26;4;Produto errado enviado
5223;194377;2024-10-26;1;Produto com defeito
5224;194489;2024-10-26;1;Produto errado enviado
5225;194648;2024-10-26;2;Desistência
5226;187820;2024-10-27;1;Atraso na entrega
5227;189056;2024-10-27;1;Atraso na entrega
5228;190409;2024-10-27;1;Produto com defeito
5229;190439;2024-10-27;4;Avaria no transporte
5230;191340;2024-10-27;2;Produto errado enviado
5231;191979;2024-10-27;1;Atraso na entrega
5232;193577;2024-10-27;1;Produto com defeito
5233;188116;2024-10-28;3;Atraso na entrega
5234;189802;2024-10-28;1;Produto com defeito
5235;190423;2024-10-28;1;Avaria no transporte
5236;191393;2024-10-28;1;Atraso na entrega
5237;191760;2024-10-28;4;Atraso na entrega
5238;193433;2024-10-28;1;Avaria no transporte
5239;193729;2024-10-28;1;Arrependimento
5240;194513;2024-10-28;2;Atraso na entrega
5241;195038;2024-10-28;1;Desistência
5242;188482;2024-10-29;1;Arrependimento
5243;189075;2024-10-29;2;Produto com defeito
5244;189092;2024-10-29;1;Arrependimento
5245;189779;2024-10-29;2;Avaria no transporte
5246;189782;2024-10-29;1;Avaria no transporte
5247;190836;2024-10-29;1;Produto errado enviado
5248;191080;2024-10-29;1;Atraso na entrega
5249;191100;2024-10-29;3;Produto com defeito
5250;192077;2024-10-29;1;Atraso na entrega
5251;192513;2024-10-29;2;Arrependimento
5252;193432;2024-10-29;2;Produto com defeito
5253;193497;2024-10-29;1;Produto com defeito
5254;194512;2024-10-29;1;Atraso na entrega
5255;194553;2024-10-29;1;Avaria no transporte
5256;194944;2024-10-29;2;Avaria no transporte
5257;195311;2024-10-29;2;Avaria no transporte
5258;190816;2024-10-30;1;Atraso na entrega
5259;191457;2024-10-30;1;Atraso na entrega
5260;191480;2024-10-30;1;Avaria no transporte
5261;192047;2024-10-30;2;Avaria no transporte
5262;193196;2024-10-30;1;Atraso na entrega
5263;193723;2024-10-30;1;Avaria no transporte
5264;193878;2024-10-30;1;Avaria no transporte
5265;194169;2024-10-30;1;Avaria no transporte
5266;194527;2024-10-30;1;Arrependimento
5267;194917;2024-10-30;1;Avaria no transporte
5268;194934;2024-10-30;2;Arrependimento
5269;194962;2024-10-30;1;Avaria no transporte
5270;195325;2024-10-30;1;Atraso na entrega
5271;196203;2024-10-30;2;Desistência
5272;189367;2024-10-31;1;Avaria no transporte
5273;189768;2024-10-31;1;Avaria no transporte
5274;190089;2024-10-31;1;Avaria no transporte
5275;190388;2024-10-31;3;Avaria no transporte
5276;190418;2024-10-31;3;Avaria no transporte
5277;190421;2024-10-31;1;Arrependimento
5278;190812;2024-10-31;3;Arrependimento
5279;192502;2024-10-31;1;Atraso na entrega
5280;192772;2024-10-31;1;Avaria no transporte
5281;193170;2024-10-31;3;Arrependimento
5282;193470;2024-10-31;1;Atraso na entrega
5283;193879;2024-10-31;2;Arrependimento
5284;193906;2024-10-31;1;Avaria no transporte
5285;193960;2024-10-31;2;Produto com defeito
5286;195234;2024-10-31;1;Produto errado enviado
5287;195244;2024-10-31;2;Arrependimento
5288;195330;2024-10-31;1;Atraso na entrega
5289;195505;2024-10-31;1;Desistência
5290;195642;2024-10-31;1;Arrependimento
5291;195878;2024-10-31;1;Produto com defeito
5292;196027;2024-10-31;1;Avaria no transporte
5293;189766;2024-11-01;2;Avaria no transporte
5294;192521;2024-11-01;1;Produto com defeito
5295;193203;2024-11-01;1;Atraso na entrega
5296;193792;2024-11-01;2;Arrependimento
5297;193941;2024-11-01;1;Avaria no transporte
5298;193952;2024-11-01;2;Atraso na entrega
5299;194572;2024-11-01;1;Atraso na entrega
5300;194947;2024-11-01;1;Arrependimento
5301;196454;2024-11-01;1;Troca por outro produto
5302;196458;2024-11-01;3;Produto vencido/avariado
5303;190834;2024-11-02;1;Avaria no transporte
5304;192045;2024-11-02;1;Atraso na entrega
5305;193849;2024-11-02;1;Atraso na entrega
5306;193918;2024-11-02;1;Arrependimento
5307;194148;2024-11-02;3;Avaria no transporte
5308;194193;2024-11-02;1;Avaria no transporte
5309;194597;2024-11-02;5;Produto com defeito
5310;195202;2024-11-02;1;Produto errado enviado
5311;195754;2024-11-02;1;Avaria no transporte
5312;195755;2024-11-02;1;Arrependimento
5313;195829;2024-11-02;2;Desistência
5314;196406;2024-11-02;1;Desistência
5315;196621;2024-11-02;1;Produto errado enviado
5316;196743;2024-11-02;7;Produto com defeito
5317;196994;2024-11-02;4;Produto errado enviado
5318;197162;2024-11-02;1;Produto com defeito
5319;197601;2024-11-02;1;Produto com defeito
5320;191432;2024-11-03;1;Avaria no transporte
5321;192844;2024-11-03;3;Arrependimento
5322;194212;2024-11-03;2;Atraso na entrega
5323;194538;2024-11-03;2;Atraso na entrega
5324;194828;2024-11-03;1;Avaria no transporte
5325;194877;2024-11-03;2;Produto errado enviado
5326;194942;2024-11-03;1;Atraso na entrega
5327;196289;2024-11-03;1;Atraso na entrega
5328;196297;2024-11-03;1;Arrependimento
5329;196303;2024-11-03;1;Avaria no transporte
5330;196662;2024-11-03;1;Avaria no transporte
5331;196709;2024-11-03;1;Produto com defeito
5332;198020;2024-11-03;4;Troca por outro produto
5333;192056;2024-11-04;4;Avaria no transporte
5334;192873;2024-11-04;1;Avaria no transporte
5335;194557;2024-11-04;2;Produto com defeito
5336;194919;2024-11-04;2;Arrependimento
5337;194982;2024-11-04;1;Produto errado enviado
5338;196299;2024-11-04;1;Avaria no transporte
5339;196673;2024-11-04;1;Atraso na entrega
5340;198015;2024-11-04;1;Produto com defeito
5341;191083;2024-11-05;2;Produto errado enviado
5342;193222;2024-11-05;7;Atraso na entrega
5343;193896;2024-11-05;1;Atraso na entrega
5344;193927;2024-11-05;1;Avaria no transporte
5345;196870;2024-11-05;3;Produto com defeito
5346;196922;2024-11-05;1;Avaria no transporte
5347;197023;2024-11-05;1;Avaria no transporte
5348;191085;2024-11-06;1;Avaria no transporte
5349;192508;2024-11-06;1;Avaria no transporte
5350;196073;2024-11-06;3;Produto com defeito
5351;197473;2024-11-06;2;Desistência
5352;197724;2024-11-06;2;Produto com defeito
5353;197778;2024-11-06;1;Atraso na entrega
5354;197868;2024-11-06;1;Troca por outro produto
5355;198103;2024-11-06;1;Atraso na entrega
5356;198169;2024-11-06;2;Avaria no transporte
5357;198903;2024-11-06;1;Produto vencido/avariado
5358;191440;2024-11-07;1;Avaria no transporte
5359;192484;2024-11-07;1;Avaria no transporte
5360;194200;2024-11-07;1;Atraso na entrega
5361;194205;2024-11-07;1;Avaria no transporte
5362;194907;2024-11-07;1;Avaria no transporte
5363;196004;2024-11-07;1;Avaria no transporte
5364;196072;2024-11-07;1;Arrependimento
5365;196300;2024-11-07;1;Avaria no transporte
5366;196533;2024-11-07;1;Arrependimento
5367;196539;2024-11-07;1;Avaria no transporte
5368;196925;2024-11-07;2;Arrependimento
5369;197010;2024-11-07;1;Avaria no transporte
5370;197405;2024-11-07;2;Avaria no transporte
5371;197414;2024-11-07;1;Atraso na entrega
5372;198141;2024-11-07;1;Avaria no transporte
5373;198424;2024-11-07;1;Avaria no transporte
5374;198428;2024-11-07;1;Avaria no transporte
5375;198498;2024-11-07;1;Produto vencido/avariado
5376;192036;2024-11-08;1;Atraso na entrega
5377;192051;2024-11-08;1;Avaria no transporte
5378;193869;2024-11-08;3;Atraso na entrega
5379;193893;2024-11-08;2;Arrependimento
5380;194561;2024-11-08;1;Atraso na entrega
5381;196301;2024-11-08;2;Avaria no transporte
5382;197393;2024-11-08;1;Avaria no transporte
5383;197415;2024-11-08;3;Atraso na entrega
5384;197686;2024-11-08;1;Produto com defeito
5385;197957;2024-11-08;4;Desistência
5386;198180;2024-11-08;1;Avaria no transporte
5387;198384;2024-11-08;2;Arrependimento
5388;198446;2024-11-08;1;Arrependimento
5389;198804;2024-11-08;1;Avaria no transporte
5390;199117;2024-11-08;1;Arrependimento
5391;199701;2024-11-08;1;Produto com defeito
5392;200064;2024-11-08;1;Produto vencido/avariado
5393;193916;2024-11-09;3;Produto errado enviado
5394;194573;2024-11-09;1;Atraso na entrega
5395;195713;2024-11-09;1;Avaria no transporte
5396;195938;2024-11-09;1;Produto com defeito
5397;195944;2024-11-09;2;Atraso na entrega
5398;196630;2024-11-09;2;Atraso na entrega
5399;197297;2024-11-09;1;Arrependimento
5400;197698;2024-11-09;1;Arrependimento
5401;198458;2024-11-09;1;Avaria no transporte
5402;198846;2024-11-09;1;Arrependimento
5403;199021;2024-11-09;1;Desistência
5404;200039;2024-11-09;2;Produto vencido/avariado
5405;192517;2024-11-10;4;Avaria no transporte
5406;193465;2024-11-10;3;Avaria no transporte
5407;195976;2024-11-10;8;Produto errado enviado
5408;196241;2024-11-10;2;Produto com defeito
5409;197746;2024-11-10;1;Produto com defeito
5410;198172;2024-11-10;1;Avaria no transporte
5411;198185;2024-11-10;1;Atraso na entrega
5412;198937;2024-11-10;7;Produto com defeito
5413;199191;2024-11-10;3;Arrependimento
5414;199286;2024-11-10;1;Produto com defeito
5415;199513;2024-11-10;1;Avaria no transporte
5416;193939;2024-11-11;1;Avaria no transporte
5417;193947;2024-11-11;1;Produto com defeito
5418;194216;2024-11-11;6;Atraso na entrega
5419;194539;2024-11-11;2;Avaria no transporte
5420;195728;2024-11-11;1;Atraso na entrega
5421;197017;2024-11-11;1;Atraso na entrega
5422;197359;2024-11-11;1;Atraso na entrega
5423;198381;2024-11-11;1;Produto com defeito
5424;198807;2024-11-11;1;Avaria no transporte
5425;199024;2024-11-11;2;Produto vencido/avariado
5426;199546;2024-11-11;1;Atraso na entrega
5427;199555;2024-11-11;1;Arrependimento
5428;199584;2024-11-11;1;Avaria no transporte
5429;200521;2024-11-11;3;Desistência
5430;193445;2024-11-12;1;Avaria no transporte
5431;193910;2024-11-12;1;Produto com defeito
5432;196543;2024-11-12;1;Avaria no transporte
5433;197740;2024-11-12;1;Produto errado enviado
5434;198206;2024-11-12;2;Produto errado enviado
5435;198415;2024-11-12;1;Arrependimento
5436;199366;2024-11-12;3;Produto com defeito
5437;200209;2024-11-12;1;Arrependimento
5438;200310;2024-11-12;1;Avaria no transporte
5439;200438;2024-11-12;1;Produto com defeito
5440;200620;2024-11-12;1;Produto com defeito
5441;200635;2024-11-12;1;Arrependimento
5442;201388;2024-11-12;2;Produto com defeito
5443;193464;2024-11-13;1;Produto errado enviado
5444;195735;2024-11-13;1;Avaria no transporte
5445;198061;2024-11-13;1;Avaria no transporte
5446;199167;2024-11-13;1;Produto errado enviado
5447;199494;2024-11-13;2;Produto com defeito
5448;199567;2024-11-13;1;Avaria no transporte
5449;199821;2024-11-13;1;Produto errado enviado
5450;193937;2024-11-14;1;Atraso na entrega
5451;193950;2024-11-14;2;Atraso na entrega
5452;194555;2024-11-14;1;Avaria no transporte
5453;194577;2024-11-14;1;Atraso na entrega
5454;194921;2024-11-14;1;Atraso na entrega
5455;194958;2024-11-14;1;Atraso na entrega
5456;197284;2024-11-14;2;Arrependimento
5457;197723;2024-11-14;1;Produto errado enviado
5458;197784;2024-11-14;1;Atraso na entrega
5459;197801;2024-11-14;1;Arrependimento
5460;198794;2024-11-14;1;Atraso na entrega
5461;198827;2024-11-14;1;Produto com defeito
5462;199422;2024-11-14;1;Atraso na entrega
5463;199475;2024-11-14;1;Avaria no transporte
5464;199521;2024-11-14;1;Avaria no transporte
5465;200118;2024-11-14;1;Desistência
5466;200251;2024-11-14;1;Atraso na entrega
5467;200263;2024-11-14;2;Atraso na entrega
5468;200667;2024-11-14;1;Avaria no transporte
5469;201356;2024-11-14;3;Troca por outro produto
5470;201822;2024-11-14;1;Produto vencido/avariado
5471;195739;2024-11-15;1;Avaria no transporte
5472;196320;2024-11-15;1;Avaria no transporte
5473;198076;2024-11-15;2;Atraso na entrega
5474;198177;2024-11-15;1;Avaria no transporte
5475;198787;2024-11-15;2;Produto errado enviado
5476;198869;2024-11-15;1;Arrependimento
5477;199876;2024-11-15;1;Avaria no transporte
5478;200269;2024-11-15;1;Avaria no transporte
5479;200829;2024-11-15;1;Atraso na entrega
5480;200830;2024-11-15;1;Atraso na entrega
5481;201034;2024-11-15;1;Desistência
5482;201182;2024-11-15;1;Atraso na entrega
5483;195731;2024-11-16;1;Avaria no transporte
5484;196309;2024-11-16;1;Arrependimento
5485;198056;2024-11-16;1;Arrependimento
5486;198127;2024-11-16;1;Arrependimento
5487;199485;2024-11-16;1;Arrependimento
5488;199845;2024-11-16;1;Atraso na entrega
5489;200265;2024-11-16;2;Produto errado enviado
5490;200860;2024-11-16;4;Produto com defeito
5491;201246;2024-11-16;1;Atraso na entrega
5492;201342;2024-11-16;1;Avaria no transporte
5493;201423;2024-11-16;2;Produto vencido/avariado
5494;201447;2024-11-16;1;Troca por outro produto
5495;201639;2024-11-16;1;Avaria no transporte
5496;201640;2024-11-16;1;Atraso na entrega
5497;201948;2024-11-16;1;Produto errado enviado
5498;202160;2024-11-16;1;Troca por outro produto
5499;196622;2024-11-17;2;Atraso na entrega
5500;197421;2024-11-17;4;Produto com defeito
5501;199503;2024-11-17;2;Produto com defeito
5502;199526;2024-11-17;1;Atraso na entrega
5503;200292;2024-11-17;2;Avaria no transporte
5504;200673;2024-11-17;2;Atraso na entrega
5505;200681;2024-11-17;5;Avaria no transporte
5506;201643;2024-11-17;2;Atraso na entrega
5507;202191;2024-11-17;1;Produto com defeito
5508;202375;2024-11-17;3;Arrependimento
5509;202522;2024-11-17;1;Troca por outro produto
5510;202844;2024-11-17;1;Desistência
5511;198822;2024-11-18;1;Atraso na entrega
5512;199095;2024-11-18;1;Produto com defeito
5513;199458;2024-11-18;3;Produto com defeito
5514;200630;2024-11-18;2;Produto errado enviado
5515;201265;2024-11-18;1;Produto errado enviado
5516;201312;2024-11-18;1;Produto errado enviado
5517;201641;2024-11-18;1;Atraso na entrega
5518;201705;2024-11-18;1;Troca por outro produto
5519;202369;2024-11-18;2;Atraso na entrega
5520;202557;2024-11-18;4;Desistência
5521;202906;2024-11-18;1;Desistência
5522;203298;2024-11-18;5;Troca por outro produto
5523;195715;2024-11-19;1;Produto com defeito
5524;195991;2024-11-19;1;Atraso na entrega
5525;196002;2024-11-19;2;Atraso na entrega
5526;197779;2024-11-19;1;Avaria no transporte
5527;198788;2024-11-19;1;Avaria no transporte
5528;199901;2024-11-19;1;Avaria no transporte
5529;200257;2024-11-19;1;Atraso na entrega
5530;200870;2024-11-19;1;Arrependimento
5531;200879;2024-11-19;1;Atraso na entrega
5532;201255;2024-11-19;1;Avaria no transporte
5533;202308;2024-11-19;1;Avaria no transporte
5534;202483;2024-11-19;2;Produto com defeito
5535;203031;2024-11-19;1;Troca por outro produto
5536;203339;2024-11-19;1;Desistência
5537;196052;2024-11-20;1;Avaria no transporte
5538;197745;2024-11-20;1;Arrependimento
5539;197759;2024-11-20;1;Atraso na entrega
5540;198833;2024-11-20;3;Avaria no transporte
5541;199456;2024-11-20;1;Produto errado enviado
5542;199522;2024-11-20;1;Avaria no transporte
5543;199808;2024-11-20;3;Produto errado enviado
5544;200658;2024-11-20;1;Atraso na entrega
5545;200857;2024-11-20;1;Arrependimento
5546;201931;2024-11-20;1;Produto errado enviado
5547;202185;2024-11-20;1;Produto com defeito
5548;202317;2024-11-20;2;Produto errado enviado
5549;202365;2024-11-20;4;Arrependimento
5550;202891;2024-11-20;1;Produto com defeito
5551;203104;2024-11-20;1;Arrependimento
5552;203141;2024-11-20;1;Avaria no transporte
5553;203239;2024-11-20;1;Produto vencido/avariado
5554;203384;2024-11-20;1;Produto com defeito
5555;204084;2024-11-20;2;Produto com defeito
5556;196288;2024-11-21;1;Avaria no transporte
5557;196302;2024-11-21;2;Avaria no transporte
5558;196643;2024-11-21;1;Atraso na entrega
5559;198165;2024-11-21;1;Atraso na entrega
5560;199545;2024-11-21;1;Avaria no transporte
5561;199836;2024-11-21;1;Atraso na entrega
5562;200839;2024-11-21;1;Atraso na entrega
5563;202379;2024-11-21;3;Arrependimento
5564;202415;2024-11-21;1;Desistência
5565;202471;2024-11-21;2;Desistência
5566;202527;2024-11-21;1;Troca por outro produto
5567;203701;2024-11-21;1;Arrependimento
5568;203900;2024-11-21;1;Arrependimento
5569;204117;2024-11-21;1;Desistência
5570;204843;2024-11-21;2;Produto com defeito
5571;198457;2024-11-22;1;Avaria no transporte
5572;198463;2024-11-22;1;Avaria no transporte
5573;198797;2024-11-22;2;Avaria no transporte
5574;200928;2024-11-22;1;Avaria no transporte
5575;201917;2024-11-22;1;Arrependimento
5576;202610;2024-11-22;1;Arrependimento
5577;202720;2024-11-22;1;Avaria no transporte
5578;202750;2024-11-22;1;Avaria no transporte
5579;203474;2024-11-22;2;Atraso na entrega
5580;203493;2024-11-22;1;Atraso na entrega
5581;203504;2024-11-22;1;Produto com defeito
5582;203706;2024-11-22;3;Arrependimento
5583;203836;2024-11-22;1;Atraso na entrega
5584;197760;2024-11-23;1;Avaria no transporte
5585;198811;2024-11-23;3;Avaria no transporte
5586;201268;2024-11-23;1;Arrependimento
5587;201298;2024-11-23;1;Atraso na entrega
5588;201618;2024-11-23;1;Avaria no transporte
5589;201999;2024-11-23;1;Atraso na entrega
5590;202011;2024-11-23;1;Avaria no transporte
5591;202057;2024-11-23;1;Arrependimento
5592;203153;2024-11-23;2;Atraso na entrega
5593;203247;2024-11-23;1;Desistência
5594;203615;2024-11-23;2;Troca por outro produto
5595;203860;2024-11-23;1;Atraso na entrega
5596;204210;2024-11-23;1;Avaria no transporte
5597;204786;2024-11-23;1;Produto vencido/avariado
5598;205109;2024-11-23;1;Desistência
5599;201534;2024-11-24;2;Avaria no transporte
5600;201657;2024-11-24;2;Atraso na entrega
5601;201663;2024-11-24;2;Avaria no transporte
5602;202359;2024-11-24;3;Avaria no transporte
5603;202725;2024-11-24;4;Arrependimento
5604;202753;2024-11-24;2;Avaria no transporte
5605;203573;2024-11-24;1;Produto com defeito
5606;203720;2024-11-24;1;Arrependimento
5607;203828;2024-11-24;2;Arrependimento
5608;203897;2024-11-24;1;Atraso na entrega
5609;203905;2024-11-24;1;Arrependimento
5610;204184;2024-11-24;1;Arrependimento
5611;204396;2024-11-24;1;Produto vencido/avariado
5612;205838;2024-11-24;10;Produto com defeito
5613;197743;2024-11-25;1;Avaria no transporte
5614;199880;2024-11-25;1;Avaria no transporte
5615;201540;2024-11-25;5;Atraso na entrega
5616;201674;2024-11-25;2;Avaria no transporte
5617;203468;2024-11-25;2;Arrependimento
5618;203843;2024-11-25;1;Atraso na entrega
5619;203890;2024-11-25;1;Atraso na entrega
5620;204213;2024-11-25;1;Arrependimento
5621;204271;2024-11-25;1;Arrependimento
5622;204572;2024-11-25;3;Atraso na entrega
5623;204722;2024-11-25;4;Produto com defeito
5624;205849;2024-11-25;2;Desistência
5625;206003;2024-11-25;1;Troca por outro produto
5626;199553;2024-11-26;2;Atraso na entrega
5627;199554;2024-11-26;1;Atraso na entrega
5628;200943;2024-11-26;1;Atraso na entrega
5629;201922;2024-11-26;1;Produto errado enviado
5630;202271;2024-11-26;1;Produto com defeito
5631;202634;2024-11-26;2;Produto errado enviado
5632;203204;2024-11-26;2;Arrependimento
5633;203833;2024-11-26;1;Produto errado enviado
5634;205114;2024-11-26;4;Desistência
5635;205611;2024-11-26;2;Desistência
5636;205680;2024-11-26;2;Atraso na entrega
5637;206045;2024-11-26;1;Produto vencido/avariado
5638;199531;2024-11-27;2;Avaria no transporte
5639;199541;2024-11-27;1;Avaria no transporte
5640;201240;2024-11-27;1;Avaria no transporte
5641;201902;2024-11-27;2;Avaria no transporte
5642;201930;2024-11-27;2;Produto errado enviado
5643;204862;2024-11-27;1;Produto errado enviado
5644;205261;2024-11-27;1;Arrependimento
5645;205306;2024-11-27;2;Avaria no transporte
5646;198825;2024-11-28;1;Avaria no transporte
5647;199176;2024-11-28;1;Avaria no transporte
5648;199181;2024-11-28;1;Arrependimento
5649;200657;2024-11-28;1;Avaria no transporte
5650;201605;2024-11-28;1;Avaria no transporte
5651;202757;2024-11-28;4;Arrependimento
5652;203419;2024-11-28;1;Arrependimento
5653;203770;2024-11-28;1;Arrependimento
5654;204171;2024-11-28;1;Arrependimento
5655;204226;2024-11-28;1;Avaria no transporte
5656;204553;2024-11-28;1;Produto errado enviado
5657;205315;2024-11-28;2;Avaria no transporte
5658;205843;2024-11-28;1;Troca por outro produto
5659;206798;2024-11-28;3;Produto com defeito
5660;199169;2024-11-29;2;Avaria no transporte
5661;201313;2024-11-29;3;Atraso na entrega
5662;202018;2024-11-29;1;Atraso na entrega
5663;202299;2024-11-29;1;Avaria no transporte
5664;202303;2024-11-29;2;Avaria no transporte
5665;203865;2024-11-29;1;Produto errado enviado
5666;204141;2024-11-29;1;Avaria no transporte
5667;205307;2024-11-29;1;Avaria no transporte
5668;205410;2024-11-29;2;Produto com defeito
5669;205722;2024-11-29;1;Avaria no transporte
5670;205914;2024-11-29;1;Avaria no transporte
5671;206206;2024-11-29;1;Avaria no transporte
5672;206503;2024-11-29;1;Produto com defeito
5673;200250;2024-11-30;1;Avaria no transporte
5674;200293;2024-11-30;1;Avaria no transporte
5675;201279;2024-11-30;2;Arrependimento
5676;201646;2024-11-30;3;Arrependimento
5677;202313;2024-11-30;1;Atraso na entrega
5678;202730;2024-11-30;2;Atraso na entrega
5679;202745;2024-11-30;1;Avaria no transporte
5680;203093;2024-11-30;2;Avaria no transporte
5681;203189;2024-11-30;3;Produto com defeito
5682;204481;2024-11-30;1;Arrependimento
5683;204549;2024-11-30;1;Arrependimento
5684;204570;2024-11-30;1;Atraso na entrega
5685;204577;2024-11-30;1;Produto com defeito
5686;205703;2024-11-30;1;Avaria no transporte
5687;206322;2024-11-30;1;Avaria no transporte
5688;206618;2024-11-30;3;Produto com defeito
5689;206725;2024-11-30;1;Produto errado enviado
5690;206865;2024-11-30;1;Produto com defeito
5691;208873;2024-11-30;2;Troca por outro produto
5692;199898;2024-12-01;1;Atraso na entrega
5693;201303;2024-12-01;1;Avaria no transporte
5694;204558;2024-12-01;1;Avaria no transporte
5695;205712;2024-12-01;2;Avaria no transporte
5696;206215;2024-12-01;2;Produto com defeito
5697;206559;2024-12-01;3;Arrependimento
5698;206863;2024-12-01;1;Produto com defeito
5699;206870;2024-12-01;3;Produto vencido/avariado
5700;207058;2024-12-01;1;Avaria no transporte
5701;207075;2024-12-01;1;Produto errado enviado
5702;207180;2024-12-01;1;Troca por outro produto
5703;208979;2024-12-01;3;Troca por outro produto
5704;202323;2024-12-02;1;Atraso na entrega
5705;203479;2024-12-02;1;Produto errado enviado
5706;203696;2024-12-02;1;Arrependimento
5707;203726;2024-12-02;2;Produto com defeito
5708;204145;2024-12-02;1;Atraso na entrega
5709;204275;2024-12-02;1;Arrependimento
5710;204594;2024-12-02;4;Atraso na entrega
5711;204914;2024-12-02;1;Atraso na entrega
5712;204917;2024-12-02;1;Atraso na entrega
5713;204958;2024-12-02;3;Avaria no transporte
5714;205616;2024-12-02;1;Arrependimento
5715;205710;2024-12-02;1;Avaria no transporte
5716;206325;2024-12-02;1;Avaria no transporte
5717;206665;2024-12-02;2;Arrependimento
5718;206676;2024-12-02;5;Produto com defeito
5719;207597;2024-12-02;1;Troca por outro produto
5720;210412;2024-12-02;2;Troca por outro produto
5721;211668;2024-12-02;2;Troca por outro produto
5722;211681;2024-12-02;2;Produto vencido/avariado
5723;200652;2024-12-03;1;Avaria no transporte
5724;201281;2024-12-03;1;Avaria no transporte
5725;201652;2024-12-03;3;Avaria no transporte
5726;203178;2024-12-03;1;Atraso na entrega
5727;204185;2024-12-03;1;Arrependimento
5728;204986;2024-12-03;1;Arrependimento
5729;205212;2024-12-03;4;Produto errado enviado
5730;205302;2024-12-03;1;Avaria no transporte
5731;205865;2024-12-03;2;Arrependimento
5732;207080;2024-12-03;1;Avaria no transporte
5733;207472;2024-12-03;1;Desistência
5734;208073;2024-12-03;1;Arrependimento
5735;208292;2024-12-03;1;Produto com defeito
5736;208389;2024-12-03;1;Produto errado enviado
5737;208507;2024-12-03;1;Avaria no transporte
5738;208550;2024-12-03;1;Arrependimento
5739;208931;2024-12-03;1;Produto com defeito
5740;209049;2024-12-03;1;Desistência
5741;209397;2024-12-03;4;Avaria no transporte
5742;210117;2024-12-03;4;Arrependimento
5743;212201;2024-12-03;1;Produto com defeito
5744;201262;2024-12-04;1;Produto errado enviado
5745;203171;2024-12-04;4;Atraso na entrega
5746;203495;2024-12-04;2;Atraso na entrega
5747;203864;2024-12-04;1;Produto com defeito
5748;205697;2024-12-04;2;Avaria no transporte
5749;205860;2024-12-04;1;Avaria no transporte
5750;206239;2024-12-04;1;Produto com defeito
5751;206259;2024-12-04;1;Atraso na entrega
5752;207977;2024-12-04;2;Arrependimento
5753;208065;2024-12-04;1;Arrependimento
5754;208362;2024-12-04;1;Atraso na entrega
5755;208437;2024-12-04;1;Avaria no transporte
5756;209392;2024-12-04;1;Atraso na entrega
5757;209546;2024-12-04;2;Produto errado enviado
5758;209719;2024-12-04;2;Arrependimento
5759;209744;2024-12-04;1;Avaria no transporte
5760;209837;2024-12-04;2;Atraso na entrega
5761;209953;2024-12-04;3;Arrependimento
5762;209967;2024-12-04;2;Arrependimento
5763;209982;2024-12-04;2;Avaria no transporte
5764;210821;2024-12-04;1;Produto errado enviado
5765;210823;2024-12-04;1;Atraso na entrega
5766;210830;2024-12-04;6;Avaria no transporte
5767;211525;2024-12-04;1;Arrependimento
5768;211835;2024-12-04;1;Desistência
5769;212448;2024-12-04;2;Desistência
5770;202355;2024-12-05;1;Atraso na entrega
5771;202710;2024-12-05;1;Avaria no transporte
5772;203134;2024-12-05;4;Avaria no transporte
5773;203494;2024-12-05;1;Atraso na entrega
5774;204232;2024-12-05;1;Produto com defeito
5775;204581;2024-12-05;1;Atraso na entrega
5776;205224;2024-12-05;2;Arrependimento
5777;205266;2024-12-05;1;Arrependimento
5778;205906;2024-12-05;2;Avaria no transporte
5779;206203;2024-12-05;1;Arrependimento
5780;207084;2024-12-05;1;Avaria no transporte
5781;207106;2024-12-05;4;Avaria no transporte
5782;207407;2024-12-05;1;Avaria no transporte
5783;207753;2024-12-05;2;Produto com defeito
5784;207887;2024-12-05;1;Arrependimento
5785;208526;2024-12-05;1;Atraso na entrega
5786;208688;2024-12-05;2;Produto errado enviado
5787;208816;2024-12-05;2;Arrependimento
5788;208824;2024-12-05;1;Troca por outro produto
5789;209564;2024-12-05;1;Arrependimento
5790;209699;2024-12-05;1;Arrependimento
5791;209826;2024-12-05;2;Produto com defeito
5792;209829;2024-12-05;2;Avaria no transporte
5793;209843;2024-12-05;1;Arrependimento
5794;209937;2024-12-05;1;Avaria no transporte
5795;209960;2024-12-05;1;Atraso na entrega
5796;210332;2024-12-05;1;Produto com defeito
5797;210746;2024-12-05;3;Produto errado enviado
5798;211207;2024-12-05;1;Avaria no transporte
5799;211289;2024-12-05;2;Atraso na entrega
5800;211557;2024-12-05;2;Produto errado enviado
5801;211733;2024-12-05;1;Produto vencido/avariado
5802;211930;2024-12-05;1;Arrependimento
5803;202015;2024-12-06;1;Avaria no transporte
5804;202713;2024-12-06;1;Atraso na entrega
5805;203820;2024-12-06;1;Avaria no transporte
5806;205714;2024-12-06;1;Avaria no transporte
5807;205945;2024-12-06;1;Avaria no transporte
5808;207393;2024-12-06;1;Produto errado enviado
5809;207419;2024-12-06;1;Avaria no transporte
5810;208134;2024-12-06;2;Atraso na entrega
5811;208207;2024-12-06;1;Arrependimento
5812;208554;2024-12-06;3;Avaria no transporte
5813;208589;2024-12-06;3;Atraso na entrega
5814;209328;2024-12-06;1;Arrependimento
5815;209458;2024-12-06;3;Produto com defeito
5816;209519;2024-12-06;1;Avaria no transporte
5817;209868;2024-12-06;1;Avaria no transporte
5818;209907;2024-12-06;1;Avaria no transporte
5819;210504;2024-12-06;1;Produto com defeito
5820;210736;2024-12-06;1;Produto errado enviado
5821;211018;2024-12-06;1;Avaria no transporte
5822;211272;2024-12-06;1;Avaria no transporte
5823;211802;2024-12-06;1;Troca por outro produto
5824;211867;2024-12-06;3;Arrependimento
5825;213245;2024-12-06;1;Desistência
5826;202335;2024-12-07;3;Avaria no transporte
5827;202339;2024-12-07;1;Arrependimento
5828;202353;2024-12-07;2;Avaria no transporte
5829;204225;2024-12-07;1;Atraso na entrega
5830;205332;2024-12-07;2;Arrependimento
5831;207059;2024-12-07;1;Atraso na entrega
5832;207077;2024-12-07;2;Produto errado enviado
5833;207404;2024-12-07;1;Avaria no transporte
5834;207883;2024-12-07;2;Avaria no transporte
5835;207949;2024-12-07;1;Atraso na entrega
5836;208138;2024-12-07;5;Arrependimento
5837;208178;2024-12-07;1;Atraso na entrega
5838;208291;2024-12-07;1;Arrependimento
5839;209190;2024-12-07;2;Produto com defeito
5840;209390;2024-12-07;1;Arrependimento
5841;209394;2024-12-07;1;Arrependimento
5842;209853;2024-12-07;1;Avaria no transporte
5843;209947;2024-12-07;3;Avaria no transporte
5844;210030;2024-12-07;2;Arrependimento
5845;210521;2024-12-07;1;Produto com defeito
5846;210640;2024-12-07;2;Avaria no transporte
5847;210743;2024-12-07;1;Atraso na entrega
5848;211174;2024-12-07;1;Avaria no transporte
5849;211370;2024-12-07;1;Atraso na entrega
5850;211422;2024-12-07;1;Avaria no transporte
5851;211980;2024-12-07;3;Arrependimento
5852;212226;2024-12-07;2;Produto com defeito
5853;212368;2024-12-07;1;Avaria no transporte
5854;213364;2024-12-07;5;Troca por outro produto
5855;202304;2024-12-08;2;Atraso na entrega
5856;203142;2024-12-08;2;Atraso na entrega
5857;208230;2024-12-08;1;Arrependimento
5858;208300;2024-12-08;1;Arrependimento
5859;209602;2024-12-08;1;Arrependimento
5860;209643;2024-12-08;1;Arrependimento
5861;209925;2024-12-08;1;Avaria no transporte
5862;210000;2024-12-08;1;Avaria no transporte
5863;210598;2024-12-08;1;Produto errado enviado
5864;211007;2024-12-08;1;Atraso na entrega
5865;211184;2024-12-08;4;Arrependimento
5866;211424;2024-12-08;1;Avaria no transporte
5867;211470;2024-12-08;2;Avaria no transporte
5868;211532;2024-12-08;1;Arrependimento
5869;211745;2024-12-08;1;Produto com defeito
5870;213047;2024-12-08;2;Produto com defeito
5871;213619;2024-12-08;1;Desistência
5872;213769;2024-12-08;3;Desistência
5873;202709;2024-12-09;3;Avaria no transporte
5874;202736;2024-12-09;2;Avaria no transporte
5875;204954;2024-12-09;1;Avaria no transporte
5876;205702;2024-12-09;1;Arrependimento
5877;206569;2024-12-09;1;Avaria no transporte
5878;206687;2024-12-09;2;Atraso na entrega
5879;207323;2024-12-09;1;Avaria no transporte
5880;207433;2024-12-09;1;Arrependimento
5881;207806;2024-12-09;1;Arrependimento
5882;208398;2024-12-09;1;Avaria no transporte
5883;208429;2024-12-09;1;Arrependimento
5884;208680;2024-12-09;1;Produto com defeito
5885;209231;2024-12-09;1;Produto com defeito
5886;209393;2024-12-09;1;Produto errado enviado
5887;209573;2024-12-09;1;Arrependimento
5888;209588;2024-12-09;2;Atraso na entrega
5889;209723;2024-12-09;3;Avaria no transporte
5890;209852;2024-12-09;2;Atraso na entrega
5891;209929;2024-12-09;2;Atraso na entrega
5892;210687;2024-12-09;1;Produto com defeito
5893;210961;2024-12-09;1;Arrependimento
5894;210997;2024-12-09;3;Arrependimento
5895;211105;2024-12-09;1;Avaria no transporte
5896;212007;2024-12-09;1;Arrependimento
5897;212225;2024-12-09;1;Produto com defeito
5898;213330;2024-12-09;2;Desistência
5899;213472;2024-12-09;2;Arrependimento
5900;203172;2024-12-10;2;Atraso na entrega
5901;204215;2024-12-10;1;Avaria no transporte
5902;204566;2024-12-10;1;Avaria no transporte
5903;205313;2024-12-10;1;Atraso na entrega
5904;205336;2024-12-10;2;Atraso na entrega
5905;205708;2024-12-10;1;Avaria no transporte
5906;206270;2024-12-10;1;Avaria no transporte
5907;208468;2024-12-10;1;Arrependimento
5908;208484;2024-12-10;4;Arrependimento
5909;208621;2024-12-10;2;Atraso na entrega
5910;208634;2024-12-10;1;Avaria no transporte
5911;209167;2024-12-10;1;Avaria no transporte
5912;209277;2024-12-10;1;Arrependimento
5913;209463;2024-12-10;1;Arrependimento
5914;209545;2024-12-10;1;Produto com defeito
5915;209751;2024-12-10;3;Atraso na entrega
5916;209820;2024-12-10;1;Avaria no transporte
5917;210566;2024-12-10;1;Arrependimento
5918;210873;2024-12-10;1;Arrependimento
5919;210941;2024-12-10;1;Produto com defeito
5920;211222;2024-12-10;1;Arrependimento
5921;211294;2024-12-10;1;Produto errado enviado
5922;211465;2024-12-10;2;Arrependimento
5923;211989;2024-12-10;2;Avaria no transporte
5924;212456;2024-12-10;1;Desistência
5925;212509;2024-12-10;1;Troca por outro produto
5926;212653;2024-12-10;2;Arrependimento
5927;213165;2024-12-10;1;Atraso na entrega
5928;203831;2024-12-11;2;Produto com defeito
5929;207120;2024-12-11;1;Arrependimento
5930;208081;2024-12-11;1;Arrependimento
5931;208482;2024-12-11;2;Avaria no transporte
5932;208529;2024-12-11;4;Atraso na entrega
5933;209485;2024-12-11;2;Produto errado enviado
5934;209516;2024-12-11;5;Produto errado enviado
5935;209743;2024-12-11;1;Produto com defeito
5936;209901;2024-12-11;2;Avaria no transporte
5937;210074;2024-12-11;2;Avaria no transporte
5938;210077;2024-12-11;1;Avaria no transporte
5939;210857;2024-12-11;1;Atraso na entrega
5940;210885;2024-12-11;2;Atraso na entrega
5941;211091;2024-12-11;2;Atraso na entrega
5942;211152;2024-12-11;1;Atraso na entrega
5943;211328;2024-12-11;2;Avaria no transporte
5944;211567;2024-12-11;1;Arrependimento
5945;211614;2024-12-11;2;Arrependimento
5946;212772;2024-12-11;2;Arrependimento
5947;213034;2024-12-11;1;Arrependimento
5948;213159;2024-12-11;1;Avaria no transporte
5949;213511;2024-12-11;1;Produto com defeito
5950;214404;2024-12-11;1;Troca por outro produto
5951;214904;2024-12-11;3;Desistência
5952;204227;2024-12-12;1;Avaria no transporte
5953;204253;2024-12-12;2;Arrependimento
5954;206331;2024-12-12;2;Atraso na entrega
5955;207369;2024-12-12;1;Arrependimento
5956;208338;2024-12-12;1;Avaria no transporte
5957;208345;2024-12-12;1;Arrependimento
5958;208475;2024-12-12;2;Atraso na entrega
5959;208565;2024-12-12;1;Avaria no transporte
5960;208568;2024-12-12;1;Produto com defeito
5961;208577;2024-12-12;3;Avaria no transporte
5962;209568;2024-12-12;3;Atraso na entrega
5963;209724;2024-12-12;1;Arrependimento
5964;209773;2024-12-12;2;Avaria no transporte
5965;210092;2024-12-12;4;Atraso na entrega
5966;210139;2024-12-12;1;Avaria no transporte
5967;210707;2024-12-12;2;Arrependimento
5968;210816;2024-12-12;1;Avaria no transporte
5969;210864;2024-12-12;1;Avaria no transporte
5970;211097;2024-12-12;1;Atraso na entrega
5971;211502;2024-12-12;1;Produto errado enviado
5972;211554;2024-12-12;2;Arrependimento
5973;211916;2024-12-12;1;Atraso na entrega
5974;212393;2024-12-12;3;Arrependimento
5975;214355;2024-12-12;1;Arrependimento
5976;215371;2024-12-12;2;Troca por outro produto
5977;215482;2024-12-12;1;Produto com defeito
5978;215486;2024-12-12;2;Desistência
5979;204233;2024-12-13;2;Atraso na entrega
5980;204567;2024-12-13;1;Atraso na entrega
5981;204587;2024-12-13;1;Atraso na entrega
5982;204966;2024-12-13;1;Atraso na entrega
5983;208119;2024-12-13;1;Arrependimento
5984;208684;2024-12-13;4;Produto errado enviado
5985;209416;2024-12-13;3;Arrependimento
5986;209484;2024-12-13;1;Arrependimento
5987;209669;2024-12-13;1;Arrependimento
5988;210936;2024-12-13;1;Avaria no transporte
5989;210966;2024-12-13;1;Arrependimento
5990;211030;2024-12-13;1;Arrependimento
5991;211250;2024-12-13;1;Arrependimento
5992;211992;2024-12-13;1;Avaria no transporte
5993;212233;2024-12-13;1;Atraso na entrega
5994;212774;2024-12-13;1;Produto errado enviado
5995;213060;2024-12-13;1;Atraso na entrega
5996;213665;2024-12-13;1;Troca por outro produto
5997;213890;2024-12-13;1;Avaria no transporte
5998;213936;2024-12-13;1;Atraso na entrega
5999;214248;2024-12-13;1;Arrependimento
6000;214290;2024-12-13;1;Avaria no transporte
6001;214801;2024-12-13;3;Atraso na entrega
6002;214893;2024-12-13;1;Avaria no transporte
6003;215056;2024-12-13;1;Produto com defeito
6004;215141;2024-12-13;2;Produto com defeito
6005;215517;2024-12-13;1;Produto com defeito
6006;205726;2024-12-14;1;Avaria no transporte
6007;205915;2024-12-14;3;Atraso na entrega
6008;208378;2024-12-14;2;Arrependimento
6009;208433;2024-12-14;3;Atraso na entrega
6010;208441;2024-12-14;2;Avaria no transporte
6011;209593;2024-12-14;2;Produto com defeito
6012;209639;2024-12-14;1;Produto errado enviado
6013;209975;2024-12-14;3;Arrependimento
6014;210135;2024-12-14;3;Atraso na entrega
6015;210684;2024-12-14;1;Arrependimento
6016;211029;2024-12-14;1;Produto com defeito
6017;211100;2024-12-14;4;Avaria no transporte
6018;211155;2024-12-14;1;Avaria no transporte
6019;211228;2024-12-14;1;Avaria no transporte
6020;213129;2024-12-14;4;Avaria no transporte
6021;214307;2024-12-14;1;Arrependimento
6022;214346;2024-12-14;1;Atraso na entrega
6023;214512;2024-12-14;1;Desistência
6024;215265;2024-12-14;1;Avaria no transporte
6025;215282;2024-12-14;1;Avaria no transporte
6026;215458;2024-12-14;1;Produto com defeito
6027;215642;2024-12-14;3;Arrependimento
6028;206683;2024-12-15;3;Atraso na entrega
6029;207427;2024-12-15;1;Atraso na entrega
6030;208333;2024-12-15;1;Avaria no transporte
6031;208384;2024-12-15;2;Arrependimento
6032;208476;2024-12-15;1;Atraso na entrega
6033;208510;2024-12-15;3;Atraso na entrega
6034;209835;2024-12-15;3;Avaria no transporte
6035;209882;2024-12-15;1;Avaria no transporte
6036;210690;2024-12-15;1;Arrependimento
6037;210836;2024-12-15;4;Avaria no transporte
6038;210915;2024-12-15;1;Produto errado enviado
6039;211075;2024-12-15;2;Avaria no transporte
6040;211257;2024-12-15;1;Avaria no transporte
6041;212352;2024-12-15;1;Avaria no transporte
6042;212639;2024-12-15;1;Atraso na entrega
6043;213149;2024-12-15;2;Avaria no transporte
6044;213552;2024-12-15;1;Produto errado enviado
6045;214328;2024-12-15;1;Avaria no transporte
6046;214653;2024-12-15;1;Desistência
6047;214696;2024-12-15;1;Arrependimento
6048;214831;2024-12-15;2;Produto com defeito
6049;215024;2024-12-15;1;Produto com defeito
6050;215694;2024-12-15;1;Atraso na entrega
6051;215696;2024-12-15;1;Avaria no transporte
6052;216170;2024-12-15;1;Avaria no transporte
6053;205929;2024-12-16;1;Arrependimento
6054;208463;2024-12-16;1;Produto errado enviado
6055;208594;2024-12-16;1;Atraso na entrega
6056;209778;2024-12-16;1;Avaria no transporte
6057;209800;2024-12-16;1;Atraso na entrega
6058;209890;2024-12-16;2;Arrependimento
6059;209948;2024-12-16;1;Avaria no transporte
6060;211054;2024-12-16;1;Atraso na entrega
6061;211074;2024-12-16;1;Atraso na entrega
6062;211096;2024-12-16;2;Avaria no transporte
6063;211140;2024-12-16;1;Produto errado enviado
6064;211439;2024-12-16;3;Avaria no transporte
6065;213061;2024-12-16;1;Arrependimento
6066;213118;2024-12-16;1;Arrependimento
6067;213162;2024-12-16;1;Avaria no transporte
6068;213499;2024-12-16;7;Produto errado enviado
6069;213531;2024-12-16;1;Atraso na entrega
6070;214673;2024-12-16;1;Produto errado enviado
6071;214814;2024-12-16;1;Avaria no transporte
6072;214986;2024-12-16;1;Troca por outro produto
6073;215303;2024-12-16;2;Atraso na entrega
6074;215685;2024-12-16;3;Avaria no transporte
6075;215763;2024-12-16;1;Produto vencido/avariado
6076;216070;2024-12-16;1;Produto errado enviado
6077;216560;2024-12-16;1;Arrependimento
6078;217047;2024-12-16;1;Produto com defeito
6079;205921;2024-12-17;1;Produto errado enviado
6080;208382;2024-12-17;1;Avaria no transporte
6081;208625;2024-12-17;2;Avaria no transporte
6082;209886;2024-12-17;1;Arrependimento
6083;210014;2024-12-17;2;Atraso na entrega
6084;211153;2024-12-17;3;Avaria no transporte
6085;211238;2024-12-17;2;Produto errado enviado
6086;213879;2024-12-17;1;Produto com defeito
6087;213902;2024-12-17;2;Avaria no transporte
6088;214285;2024-12-17;4;Avaria no transporte
6089;214776;2024-12-17;2;Atraso na entrega
6090;215207;2024-12-17;1;Arrependimento
6091;215275;2024-12-17;1;Atraso na entrega
6092;216535;2024-12-17;1;Atraso na entrega
6093;216632;2024-12-17;1;Troca por outro produto
6094;216739;2024-12-17;1;Troca por outro produto
6095;206669;2024-12-18;4;Avaria no transporte
6096;208352;2024-12-18;1;Avaria no transporte
6097;208443;2024-12-18;3;Avaria no transporte
6098;208494;2024-12-18;2;Atraso na entrega
6099;208644;2024-12-18;3;Produto com defeito
6100;209771;2024-12-18;1;Avaria no transporte
6101;211221;2024-12-18;1;Avaria no transporte
6102;212597;2024-12-18;1;Produto errado enviado
6103;212748;2024-12-18;1;Avaria no transporte
6104;212775;2024-12-18;1;Avaria no transporte
6105;213038;2024-12-18;1;Arrependimento
6106;213115;2024-12-18;1;Produto errado enviado
6107;213439;2024-12-18;1;Arrependimento
6108;213448;2024-12-18;1;Produto errado enviado
6109;216072;2024-12-18;8;Arrependimento
6110;216151;2024-12-18;1;Avaria no transporte
6111;216154;2024-12-18;4;Produto com defeito
6112;217905;2024-12-18;1;Produto com defeito
6113;218422;2024-12-18;1;Troca por outro produto
6114;207102;2024-12-19;1;Atraso na entrega
6115;208386;2024-12-19;1;Avaria no transporte
6116;208576;2024-12-19;2;Avaria no transporte
6117;209757;2024-12-19;1;Arrependimento
6118;209859;2024-12-19;1;Avaria no transporte
6119;211154;2024-12-19;2;Avaria no transporte
6120;211274;2024-12-19;1;Atraso na entrega
6121;211278;2024-12-19;1;Arrependimento
6122;212018;2024-12-19;2;Avaria no transporte
6123;212029;2024-12-19;1;Arrependimento
6124;213148;2024-12-19;1;Avaria no transporte
6125;213946;2024-12-19;1;Avaria no transporte
6126;214260;2024-12-19;2;Arrependimento
6127;215266;2024-12-19;1;Avaria no transporte
6128;216086;2024-12-19;2;Arrependimento
6129;218732;2024-12-19;2;Produto com defeito
6130;206677;2024-12-20;1;Avaria no transporte
6131;207088;2024-12-20;5;Atraso na entrega
6132;208438;2024-12-20;4;Avaria no transporte
6133;208624;2024-12-20;2;Atraso na entrega
6134;208630;2024-12-20;1;Avaria no transporte
6135;208633;2024-12-20;2;Produto errado enviado
6136;211200;2024-12-20;1;Arrependimento
6137;213167;2024-12-20;1;Avaria no transporte
6138;213168;2024-12-20;3;Avaria no transporte
6139;213513;2024-12-20;1;Atraso na entrega
6140;213855;2024-12-20;1;Arrependimento
6141;214303;2024-12-20;1;Avaria no transporte
6142;214792;2024-12-20;2;Avaria no transporte
6143;214804;2024-12-20;1;Produto com defeito
6144;215690;2024-12-20;3;Atraso na entrega
6145;216041;2024-12-20;1;Arrependimento
6146;216969;2024-12-20;2;Atraso na entrega
6147;217329;2024-12-20;2;Produto errado enviado
6148;217536;2024-12-20;2;Produto com defeito
6149;218112;2024-12-20;1;Avaria no transporte
6150;218805;2024-12-20;1;Produto com defeito
6151;208439;2024-12-21;1;Avaria no transporte
6152;209772;2024-12-21;2;Avaria no transporte
6153;209865;2024-12-21;1;Avaria no transporte
6154;209867;2024-12-21;2;Avaria no transporte
6155;209874;2024-12-21;1;Avaria no transporte
6156;209916;2024-12-21;3;Avaria no transporte
6157;211351;2024-12-21;2;Avaria no transporte
6158;211404;2024-12-21;1;Avaria no transporte
6159;212020;2024-12-21;1;Avaria no transporte
6160;212751;2024-12-21;1;Avaria no transporte
6161;213539;2024-12-21;2;Produto errado enviado
6162;214360;2024-12-21;1;Produto errado enviado
6163;215209;2024-12-21;1;Produto errado enviado
6164;215233;2024-12-21;1;Arrependimento
6165;216516;2024-12-21;1;Avaria no transporte
6166;217442;2024-12-21;1;Produto com defeito
6167;217758;2024-12-21;2;Avaria no transporte
6168;217789;2024-12-21;4;Atraso na entrega
6169;218208;2024-12-21;2;Produto errado enviado
6170;209760;2024-12-22;3;Avaria no transporte
6171;209811;2024-12-22;1;Avaria no transporte
6172;209910;2024-12-22;2;Avaria no transporte
6173;209922;2024-12-22;1;Arrependimento
6174;211114;2024-12-22;3;Avaria no transporte
6175;211205;2024-12-22;1;Avaria no transporte
6176;211984;2024-12-22;1;Atraso na entrega
6177;212726;2024-12-22;1;Atraso na entrega
6178;214347;2024-12-22;3;Avaria no transporte
6179;216118;2024-12-22;1;Avaria no transporte
6180;216531;2024-12-22;1;Atraso na entrega
6181;216534;2024-12-22;2;Arrependimento
6182;217433;2024-12-22;1;Desistência
6183;218298;2024-12-22;1;Desistência
6184;218312;2024-12-22;1;Produto vencido/avariado
6185;218863;2024-12-22;1;Produto com defeito
6186;218984;2024-12-22;1;Arrependimento
6187;208380;2024-12-23;1;Avaria no transporte
6188;209952;2024-12-23;1;Atraso na entrega
6189;211159;2024-12-23;2;Avaria no transporte
6190;212763;2024-12-23;1;Atraso na entrega
6191;214699;2024-12-23;1;Produto com defeito
6192;214785;2024-12-23;1;Atraso na entrega
6193;215676;2024-12-23;1;Atraso na entrega
6194;215684;2024-12-23;2;Atraso na entrega
6195;216986;2024-12-23;1;Atraso na entrega
6196;217251;2024-12-23;1;Arrependimento
6197;217326;2024-12-23;1;Avaria no transporte
6198;217337;2024-12-23;1;Avaria no transporte
6199;217715;2024-12-23;1;Produto com defeito
6200;218191;2024-12-23;2;Avaria no transporte
6201;218486;2024-12-23;2;Produto com defeito
6202;218554;2024-12-23;1;Produto com defeito
6203;218697;2024-12-23;1;Troca por outro produto
6204;219069;2024-12-23;1;Produto com defeito
6205;219222;2024-12-23;5;Produto com defeito
6206;219568;2024-12-23;7;Produto vencido/avariado
6207;220216;2024-12-23;1;Produto com defeito
6208;209691;2024-12-24;1;Atraso na entrega
6209;211115;2024-12-24;6;Arrependimento
6210;211384;2024-12-24;1;Avaria no transporte
6211;212016;2024-12-24;1;Produto com defeito
6212;212375;2024-12-24;2;Produto com defeito
6213;213949;2024-12-24;1;Avaria no transporte
6214;214318;2024-12-24;2;Avaria no transporte
6215;214786;2024-12-24;1;Avaria no transporte
6216;215284;2024-12-24;1;Avaria no transporte
6217;216067;2024-12-24;1;Arrependimento
6218;216126;2024-12-24;2;Atraso na entrega
6219;216470;2024-12-24;1;Avaria no transporte
6220;217357;2024-12-24;2;Atraso na entrega
6221;218184;2024-12-24;1;Avaria no transporte
6222;218744;2024-12-24;1;Produto vencido/avariado
6223;218753;2024-12-24;2;Produto com defeito
6224;218799;2024-12-24;2;Desistência
6225;218983;2024-12-24;1;Produto com defeito
6226;219430;2024-12-24;1;Atraso na entrega
6227;220744;2024-12-24;2;Produto com defeito
6228;211104;2024-12-25;1;Avaria no transporte
6229;211443;2024-12-25;2;Produto com defeito
6230;213907;2024-12-25;1;Atraso na entrega
6231;214305;2024-12-25;1;Avaria no transporte
6232;214336;2024-12-25;1;Avaria no transporte
6233;214845;2024-12-25;1;Avaria no transporte
6234;215288;2024-12-25;2;Arrependimento
6235;215543;2024-12-25;1;Arrependimento
6236;215998;2024-12-25;1;Produto errado enviado
6237;216459;2024-12-25;1;Atraso na entrega
6238;217007;2024-12-25;1;Avaria no transporte
6239;218563;2024-12-25;1;Atraso na entrega
6240;218623;2024-12-25;1;Atraso na entrega
6241;218903;2024-12-25;1;Produto errado enviado
6242;218996;2024-12-25;2;Atraso na entrega
6243;219709;2024-12-25;4;Produto com defeito
6244;219807;2024-12-25;1;Produto errado enviado
6245;219920;2024-12-25;1;Produto vencido/avariado
6246;213912;2024-12-26;1;Avaria no transporte
6247;214810;2024-12-26;1;Avaria no transporte
6248;215662;2024-12-26;1;Avaria no transporte
6249;216528;2024-12-26;2;Avaria no transporte
6250;217730;2024-12-26;1;Atraso na entrega
6251;218037;2024-12-26;1;Produto errado enviado
6252;218224;2024-12-26;3;Arrependimento
6253;218953;2024-12-26;2;Arrependimento
6254;219278;2024-12-26;3;Desistência
6255;219451;2024-12-26;1;Atraso na entrega
6256;220119;2024-12-26;1;Atraso na entrega
6257;213536;2024-12-27;2;Produto errado enviado
6258;213938;2024-12-27;1;Avaria no transporte
6259;214310;2024-12-27;1;Atraso na entrega
6260;215262;2024-12-27;2;Avaria no transporte
6261;217720;2024-12-27;5;Arrependimento
6262;217759;2024-12-27;1;Avaria no transporte
6263;218635;2024-12-27;1;Arrependimento
6264;218968;2024-12-27;2;Produto com defeito
6265;219012;2024-12-27;1;Avaria no transporte
6266;220192;2024-12-27;1;Produto com defeito
6267;220245;2024-12-27;1;Produto com defeito
6268;221028;2024-12-27;1;Troca por outro produto
6269;221743;2024-12-27;1;Produto com defeito
6270;212747;2024-12-28;2;Avaria no transporte
6271;213900;2024-12-28;2;Avaria no transporte
6272;214800;2024-12-28;1;Produto errado enviado
6273;214826;2024-12-28;2;Atraso na entrega
6274;217349;2024-12-28;1;Atraso na entrega
6275;217699;2024-12-28;1;Produto com defeito
6276;218038;2024-12-28;1;Arrependimento
6277;218100;2024-12-28;1;Arrependimento
6278;218150;2024-12-28;1;Avaria no transporte
6279;218155;2024-12-28;2;Avaria no transporte
6280;219008;2024-12-28;1;Avaria no transporte
6281;219818;2024-12-28;1;Produto errado enviado
6282;220261;2024-12-28;1;Desistência
6283;220867;2024-12-28;1;Produto com defeito
6284;220978;2024-12-28;1;Arrependimento
6285;221387;2024-12-28;2;Produto errado enviado
6286;213163;2024-12-29;1;Atraso na entrega
6287;214798;2024-12-29;1;Avaria no transporte
6288;214806;2024-12-29;2;Avaria no transporte
6289;215658;2024-12-29;1;Avaria no transporte
6290;216977;2024-12-29;5;Atraso na entrega
6291;217268;2024-12-29;1;Produto errado enviado
6292;217362;2024-12-29;1;Produto com defeito
6293;217592;2024-12-29;2;Arrependimento
6294;217718;2024-12-29;3;Avaria no transporte
6295;218165;2024-12-29;2;Avaria no transporte
6296;218582;2024-12-29;2;Produto errado enviado
6297;219023;2024-12-29;3;Avaria no transporte
6298;219810;2024-12-29;1;Atraso na entrega
6299;219866;2024-12-29;3;Avaria no transporte
6300;220910;2024-12-29;1;Avaria no transporte
6301;221256;2024-12-29;1;Atraso na entrega
6302;221343;2024-12-29;2;Atraso na entrega
6303;222526;2024-12-29;1;Desistência
6304;213924;2024-12-30;1;Avaria no transporte
6305;216157;2024-12-30;1;Atraso na entrega
6306;217586;2024-12-30;1;Produto com defeito
6307;219477;2024-12-30;6;Atraso na entrega
6308;220558;2024-12-30;2;Atraso na entrega
6309;220863;2024-12-30;2;Arrependimento
6310;221314;2024-12-30;1;Atraso na entrega
6311;221635;2024-12-30;2;Avaria no transporte
6312;222164;2024-12-30;1;Produto com defeito
6313;214291;2024-12-31;1;Atraso na entrega
6314;214808;2024-12-31;2;Arrependimento
6315;214822;2024-12-31;1;Arrependimento
6316;214843;2024-12-31;2;Atraso na entrega
6317;216995;2024-12-31;1;Avaria no transporte
6318;217009;2024-12-31;1;Avaria no transporte
6319;217772;2024-12-31;1;Avaria no transporte
6320;217774;2024-12-31;3;Avaria no transporte
6321;218966;2024-12-31;1;Atraso na entrega
6322;219027;2024-12-31;1;Avaria no transporte
6323;219328;2024-12-31;1;Arrependimento
6324;219747;2024-12-31;1;Atraso na entrega
6325;220054;2024-12-31;2;Arrependimento
6326;221174;2024-12-31;1;Produto com defeito
6327;221356;2024-12-31;1;Produto errado enviado
6328;222050;2024-12-31;1;Avaria no transporte
6329;223189;2024-12-31;2;Produto com defeito
6330;223241;2024-12-31;1;Produto vencido/avariado
6331;214323;2025-01-01;1;Avaria no transporte
6332;215268;2025-01-01;1;Atraso na entrega
6333;216152;2025-01-01;1;Avaria no transporte
6334;217731;2025-01-01;1;Avaria no transporte
6335;219435;2025-01-01;1;Avaria no transporte
6336;220556;2025-01-01;1;Arrependimento
6337;220575;2025-01-01;1;Atraso na entrega
6338;220946;2025-01-01;1;Avaria no transporte
6339;221439;2025-01-01;2;Desistência
6340;222047;2025-01-01;1;Avaria no transporte
6341;222642;2025-01-01;2;Avaria no transporte
6342;222846;2025-01-01;2;Produto vencido/avariado
6343;214839;2025-01-02;2;Avaria no transporte
6344;215657;2025-01-02;1;Atraso na entrega
6345;215698;2025-01-02;1;Arrependimento
6346;216527;2025-01-02;2;Produto com defeito
6347;218589;2025-01-02;3;Atraso na entrega
6348;219784;2025-01-02;1;Produto com defeito
6349;220419;2025-01-02;1;Atraso na entrega
6350;221246;2025-01-02;1;Produto com defeito
6351;221642;2025-01-02;2;Avaria no transporte
6352;221990;2025-01-02;2;Avaria no transporte
6353;222442;2025-01-02;1;Atraso na entrega
6354;222812;2025-01-02;1;Troca por outro produto
6355;222922;2025-01-02;1;Produto com defeito
6356;223171;2025-01-02;2;Arrependimento
6357;223274;2025-01-02;1;Desistência
6358;215298;2025-01-03;1;Arrependimento
6359;215663;2025-01-03;1;Avaria no transporte
6360;215673;2025-01-03;1;Avaria no transporte
6361;216972;2025-01-03;1;Avaria no transporte
6362;217325;2025-01-03;1;Atraso na entrega
6363;217338;2025-01-03;2;Avaria no transporte
6364;218153;2025-01-03;1;Avaria no transporte
6365;219382;2025-01-03;1;Produto errado enviado
6366;219735;2025-01-03;1;Produto com defeito
6367;219850;2025-01-03;1;Atraso na entrega
6368;220084;2025-01-03;1;Produto errado enviado
6369;220449;2025-01-03;1;Arrependimento
6370;220611;2025-01-03;1;Atraso na entrega
6371;221305;2025-01-03;2;Atraso na entrega
6372;217737;2025-01-04;3;Arrependimento
6373;217776;2025-01-04;2;Avaria no transporte
6374;219044;2025-01-04;2;Avaria no transporte
6375;219863;2025-01-04;1;Atraso na entrega
6376;220937;2025-01-04;1;Arrependimento
6377;220948;2025-01-04;2;Avaria no transporte
6378;221699;2025-01-04;5;Atraso na entrega
6379;221700;2025-01-04;1;Avaria no transporte
6380;222107;2025-01-04;4;Arrependimento
6381;223124;2025-01-04;1;Arrependimento
6382;223339;2025-01-04;1;Produto com defeito
6383;223357;2025-01-04;1;Produto com defeito
6384;223411;2025-01-04;2;Produto com defeito
6385;216132;2025-01-05;2;Arrependimento
6386;216521;2025-01-05;1;Arrependimento
6387;217025;2025-01-05;2;Produto com defeito
6388;218170;2025-01-05;1;Avaria no transporte
6389;219436;2025-01-05;1;Arrependimento
6390;220040;2025-01-05;2;Produto com defeito
6391;220122;2025-01-05;1;Produto errado enviado
6392;220139;2025-01-05;1;Avaria no transporte
6393;220487;2025-01-05;1;Arrependimento
6394;221221;2025-01-05;1;Arrependimento
6395;221633;2025-01-05;3;Produto com defeito
6396;221694;2025-01-05;1;Avaria no transporte
6397;222735;2025-01-05;1;Atraso na entrega
6398;223033;2025-01-05;1;Arrependimento
6399;216520;2025-01-06;2;Avaria no transporte
6400;216987;2025-01-06;1;Avaria no transporte
6401;220129;2025-01-06;1;Avaria no transporte
6402;220132;2025-01-06;1;Produto errado enviado
6403;220134;2025-01-06;1;Avaria no transporte
6404;220523;2025-01-06;4;Avaria no transporte
6405;220895;2025-01-06;2;Produto com defeito
6406;221244;2025-01-06;1;Produto errado enviado
6407;221637;2025-01-06;1;Produto com defeito
6408;221656;2025-01-06;1;Produto com defeito
6409;221686;2025-01-06;1;Avaria no transporte
6410;222417;2025-01-06;1;Avaria no transporte
6411;223126;2025-01-06;1;Atraso na entrega
6412;223541;2025-01-06;4;Arrependimento
6413;217757;2025-01-07;1;Avaria no transporte
6414;218607;2025-01-07;3;Atraso na entrega
6415;221273;2025-01-07;2;Produto errado enviado
6416;221994;2025-01-07;2;Produto com defeito
6417;222049;2025-01-07;2;Avaria no transporte
6418;222078;2025-01-07;1;Avaria no transporte
6419;222686;2025-01-07;1;Atraso na entrega
6420;222763;2025-01-07;4;Atraso na entrega
6421;223091;2025-01-07;2;Atraso na entrega
6422;217770;2025-01-08;2;Atraso na entrega
6423;221355;2025-01-08;2;Arrependimento
6424;221377;2025-01-08;1;Arrependimento
6425;222076;2025-01-08;2;Avaria no transporte
6426;222091;2025-01-08;1;Arrependimento
6427;223024;2025-01-08;1;Avaria no transporte
6428;223542;2025-01-08;1;Arrependimento
6429;218618;2025-01-09;1;Arrependimento
6430;219013;2025-01-09;1;Arrependimento
6431;219461;2025-01-09;1;Avaria no transporte
6432;219468;2025-01-09;1;Avaria no transporte
6433;219469;2025-01-09;3;Arrependimento
6434;219829;2025-01-09;3;Avaria no transporte
6435;221950;2025-01-09;3;Arrependimento
6436;221960;2025-01-09;1;Atraso na entrega
6437;221983;2025-01-09;3;Produto errado enviado
6438;222410;2025-01-09;5;Arrependimento
6439;222780;2025-01-09;1;Arrependimento
6440;223185;2025-01-09;2;Arrependimento
6441;218595;2025-01-10;3;Avaria no transporte
6442;219428;2025-01-10;2;Avaria no transporte
6443;220929;2025-01-10;2;Avaria no transporte
6444;221338;2025-01-10;1;Avaria no transporte
6445;222046;2025-01-10;2;Arrependimento
6446;222388;2025-01-10;1;Arrependimento
6447;222729;2025-01-10;1;Atraso na entrega
6448;218609;2025-01-11;4;Avaria no transporte
6449;219434;2025-01-11;1;Avaria no transporte
6450;220550;2025-01-11;1;Avaria no transporte
6451;220950;2025-01-11;1;Produto com defeito
6452;222461;2025-01-11;1;Avaria no transporte
6453;223094;2025-01-11;3;Avaria no transporte
6454;223144;2025-01-11;1;Atraso na entrega
6455;223147;2025-01-11;1;Atraso na entrega
6456;223183;2025-01-11;1;Arrependimento
6457;221326;2025-01-12;1;Avaria no transporte
6458;221335;2025-01-12;1;Atraso na entrega
6459;221351;2025-01-12;2;Atraso na entrega
6460;222445;2025-01-12;1;Atraso na entrega
6461;223455;2025-01-12;1;Atraso na entrega
6462;219445;2025-01-13;1;Atraso na entrega
6463;219475;2025-01-13;1;Avaria no transporte
6464;219834;2025-01-13;1;Avaria no transporte
6465;219851;2025-01-13;1;Avaria no transporte
6466;223485;2025-01-13;1;Atraso na entrega
6467;223505;2025-01-13;1;Produto errado enviado
6468;222068;2025-01-14;2;Avaria no transporte
6469;222430;2025-01-14;1;Atraso na entrega
6470;222434;2025-01-14;1;Avaria no transporte
6471;223097;2025-01-14;1;Avaria no transporte
6472;223114;2025-01-14;1;Avaria no transporte
6473;222051;2025-01-15;1;Atraso na entrega
6474;222077;2025-01-15;1;Avaria no transporte
6475;222422;2025-01-15;1;Atraso na entrega
6476;222425;2025-01-16;4;Avaria no transporte
6477;221308;2025-01-17;1;Avaria no transporte
6478;223117;2025-01-17;1;Atraso na entrega
6479;223132;2025-01-17;1;Atraso na entrega
6480;222055;2025-01-18;1;Atraso na entrega
6481;223149;2025-01-18;2;Atraso na entrega
6482;223509;2025-01-19;1;Atraso na entrega
6483;222090;2025-01-20;10;Avaria no transporte
6484;222427;2025-01-21;2;Atraso na entrega
6485;223472;2025-01-21;1;Avaria no transporte
6486;223494;2025-01-21;1;Avaria no transporte
6487;223517;2025-01-22;1;Atraso na entrega
6488;223456;2025-01-24;1;Atraso na entrega
